Blog Title,Blog Link,Thumbnail Link
What 12 of Your Favorite Fitness People Are Wearing for Their Winter Workouts,https://www.instyle.com/fashion/clothing/workout-clothes-fitness-favorites,https://imagesvc.meredithcorp.io/v3/mm/image?url=https%3A%2F%2Fimagesvc.meredithcorp.io%2Fv3%2Fmm%2Fimage%3Furl%3Dhttps%253A%252F%252Fstatic.onecms.io%252Fwp-content%252Fuploads%252Fsites%252F14%252F2021%252F12%252F28%252F122821-Winter-Workout-Outfits-Lead.jpg&w=426&h=285&q=85&c=tc&rect=4%2C2%2C1800%2C1200
The 13 Best Activewear Brands to Shop for 2022,https://www.instyle.com/fashion/clothing/best-activewear-brands,
I Only Wear Workout Clothes for Instagram,https://www.instyle.com/fashion/workout-clothes-instagram-worthy,
5 Plus Size Activewear Brands That Are Truly Size-Inclusive,https://www.instyle.com/fashion/clothing/best-plus-size-fitness-clothes,
"What Do We Even Call ""Athleisure"" Now?",https://www.instyle.com/fashion/athleisure-trends-2022,
2022 Workout Clothes So Cute You'll Want to Go Back to the Gym,https://www.instyle.com/fashion/clothing/workout-clothes-new,
I Haven't Taken Off This Dangerously Soft Loungewear in Days — and Neither Will You,https://www.instyle.com/fashion/clothing/richer-poorer-recycled-fleece-loungewear-review,
The Sad Reason Carrie Is Wearing *Those* Shoes in And Just Like That...'s Most Shocking Scene,https://www.instyle.com/fashion/shoes/and-just-like-that-ep-1-shoes,
Target Shoppers Are Purchasing Multiples of This Best-Selling Mock Turtleneck Sweater — and It's on Sale for $14,https://www.instyle.com/fashion/universal-thread-crewneck-pullover-sweater,
The 12 Best Styling Tricks We've Learned from Emily in Paris' Outfits,https://www.instyle.com/fashion/emily-in-paris-outfits,
This On-the-Rise Red Carpet Brand Just Pivoted to Workout Wear,https://www.instyle.com/fashion/clothing/patbo-fitness-clothes,
"3 Celebrity-Approved, Last-Minute Emergency Gift Ideas You Can Find at American Eagle",https://www.instyle.com/fashion/clothing/holiday-gift-ideas-american-eagle,
10 Stylist-Approved Valentine's Day Outfits For Every Type of Date Night,https://www.instyle.com/holidays-occasions/valentines-day/valentines-day-outfits,
9 Warm (But Not Too Warm) Outfits to Wear on 50-Degree Days,https://www.instyle.com/fashion/clothing/what-to-wear-in-50-degree-weather,
10 Throwback Carrie Bradshaw Outfits That Still Work for 2022,https://www.instyle.com/fashion/carrie-bradshaw-outfits,
Sadie Sink Just Shared the Most Genius Tip for Winterizing Your Whole Wardrobe,https://www.instyle.com/fashion/clothing/sadie-sink-winter-fashion-interview,
"Amazon Shoppers Receive ""So Many Compliments"" While Wearing This Best-Selling Cocktail Dress — and It's $35",https://www.instyle.com/fashion/prettygarden-tie-waist-cocktail-dress-amazon,
Katie Holmes Keeps Starting Trends by Accident,https://www.instyle.com/celebrity/katie-holmes/katie-holmes-fashion-trends-interview,
11 Incredibly Cute Knee-High Boots Outfits to Keep in Your Rotation,https://www.instyle.com/fashion/clothing/knee-high-boots-outfits,
13 Clothing Stores You Remember If You Grew Up During Y2K,https://www.instyle.com/fashion/clothing/y2k-clothing-stores,
The Muppet Hat Trend Is the Latest Outrageous '90s Revival,https://www.instyle.com/fashion/accessories/fuzzy-hat-trend,
These Are The '80s Fashion Trends Stylists Say Will Be Everywhere in 2022,https://www.instyle.com/fashion/clothing/80s-fashion,
"""Jellyfishing"" Is the New Lampshading: Here's How to Master Winter's Weird Silhouette Trend",https://www.instyle.com/fashion/clothing/jellyfishing-oversized-top-coat-trend,
"Tapered Puff Sleeves Are the Easy, Romantic Fashion Trend That Will Make You Feel Like Royalty",https://www.instyle.com/fashion/clothing/tapered-puff-sleeves-fashion-trend,
9 Ugg Outfits That Prove Those Boots and Slides Are Way More Versatile Than You Thought,https://www.instyle.com/fashion/clothing/ugg-outfits,
"If You're Unsure What to Wear for the Holidays, Start With These 11 Stylist-Approved Outfit Ideas",https://www.instyle.com/fashion/clothing/holiday-outfits-stylist-ideas,https://imagesvc.meredithcorp.io/v3/mm/image?url=https%3A%2F%2Fimagesvc.meredithcorp.io%2Fv3%2Fmm%2Fimage%3Furl%3Dhttps%253A%252F%252Fstatic.onecms.io%252Fwp-content%252Fuploads%252Fsites%252F14%252F2021%252F12%252F01%252Fholiday-looks-lead-2000.jpg&w=426&h=285&q=85&c=tc&rect=200%2C103%2C1800%2C1170
12 Borderline Cheesy (But Super Fun) Novelty Items I Need for My Wedding,https://www.instyle.com/fashion/clothing/novelty-wedding-accessories,https://imagesvc.meredithcorp.io/v3/mm/image?url=https%3A%2F%2Fimagesvc.meredithcorp.io%2Fv3%2Fmm%2Fimage%3Furl%3Dhttps%253A%252F%252Fstatic.onecms.io%252Fwp-content%252Fuploads%252Fsites%252F14%252F2021%252F11%252F15%252F111521-novelty-bride-wedding-items-lead-2000.jpg&w=426&h=285&c=sc&poi=%5B1000%2C453%5D&q=85&rect=0%2C0%2C2000%2C1333
"14 Shackets That Are So Cute and Cozy, You'll Wonder How You Ever Lived Without Them",https://www.instyle.com/fashion/clothing/what-is-a-shacket,
"Behold, the 9 Fabulous Fall Outfits Emily Ratajkowski Wore to Promote Her Book This Week",https://www.instyle.com/celebrity/emily-ratajkowski/emily-ratajkowski-fall-outfits,
"How to Wear Dresses in the Winter, According to 5 Fashion Experts",https://www.instyle.com/fashion/clothing/how-to-wear-dresses-in-the-winter,
21 Holiday Sweaters That Will Transform Your Jeans Into a Whole Festive Outfit,https://www.instyle.com/fashion/clothing/cute-holiday-sweaters,
This Gen Z Dress Trend Just Solved Every Single One of My Fashion Dilemmas,https://www.instyle.com/fashion/clothing/mesh-dress-trend,
I Wore This Instagram-Famous Sweater and I've Never Gotten So Many Compliments,https://www.instyle.com/fashion/clothing/myracle-cardigan-review,
"Well, It Looks Like Cerulean Is Making a Comeback",https://www.instyle.com/fashion/clothing/cerulean-color-trend,
15 Outfits to Wear to Every Holiday Celebration on Your Calendar,https://www.instyle.com/fashion/clothing/holiday-outfit-ideas,
5 Facts You Probably Didn't Know About Last Night in Soho's Gorgeous Costumes,https://www.instyle.com/fashion/clothing/last-night-in-soho-costumes,
6 Places to Donate Clothes to This Holiday Season,https://www.instyle.com/fashion/clothing/where-to-donate-clothes,
Metamorphosis Fashion Is the New Trend That Will Actually Save You Money,https://www.instyle.com/fashion/clothing/metamorphosis-fashion-convertible-clothing,
"Spanx's New Breathable Loungewear Is So Soft, I Feel Like I'm Wearing a Fluffy Cloud",https://www.instyle.com/fashion/clothing/spanx-airluxe-collection-review,
The History of the Corset Is a Controversial One,https://www.instyle.com/fashion/clothing/history-of-the-corset,
"Don't Worry, Models Say It's Still Cool to Wear All Black in Fall",https://www.instyle.com/fashion/clothing/celebrity-black-outfit-ideas,
A Tribute to Sandra Bullock's Coziest Movie Sweaters,https://www.instyle.com/fashion/clothing/sandra-bullock-character-sweaters,
"It's Been 20 Years, But I'm Still Thinking About Rochelle From The Craft's Perfect '90s Dress",https://www.instyle.com/fashion/clothing/rochelle-the-craft-outfits,
8 Winter Outfits Professional Stylists Can't Wait to Put Together This Season,https://www.instyle.com/fashion/clothing/winter-outfit-ideas,
10 Denim on Denim Outfits to Try Tomorrow,https://www.instyle.com/fashion/clothing/denim-on-denim-outfits,
"Finally, a Fashion Trend for Literary Nerds",https://www.instyle.com/fashion/clothing/dark-academia-trend,
I Can't Stop Buying Back My Childhood Wardrobe,https://www.instyle.com/fashion/clothing/buying-back-2000s-fashion,
Why 30-Somethings Are the Real Winners of the Y2K Comeback,https://www.instyle.com/fashion/clothing/2000s-fashion-trends-over-30,
"From Work to Date Night, Amazon Shoppers Can't Stop Wearing This Feminine Blazer — and It's Under $50",https://www.instyle.com/fashion/cicy-bell-casual-blazer-amazon,
"I'm a Fashion Editor, and These 11 Trends Are the Secret to All My Fall Outfits",https://www.instyle.com/fashion/clothing/fall-winter-trends-2021-fashion-editor,
5 Spring 2022 Trends You Probably Already Have in Your Closet,https://www.instyle.com/fashion/clothing/spring-2022-fashion-trends,https://imagesvc.meredithcorp.io/v3/mm/image?url=https%3A%2F%2Fimagesvc.meredithcorp.io%2Fv3%2Fmm%2Fimage%3Furl%3Dhttps%253A%252F%252Fstatic.onecms.io%252Fwp-content%252Fuploads%252Fsites%252F14%252F2021%252F10%252F18%252F101821-spring-trends-in-closet-lead-2000.jpg&w=426&h=285&c=sc&poi=%5B1020%2C586%5D&q=85&rect=0%2C0%2C2000%2C1333
18 Festive Halloween T-Shirts and Sweatshirts That Double as Costumes,https://www.instyle.com/holidays-occasions/halloween/halloween-t-shirts-and-sweatshirts,https://imagesvc.meredithcorp.io/v3/mm/image?url=https%3A%2F%2Fimagesvc.meredithcorp.io%2Fv3%2Fmm%2Fimage%3Furl%3Dhttps%253A%252F%252Fstatic.onecms.io%252Fwp-content%252Fuploads%252Fsites%252F14%252F2021%252F10%252F20%252F102021-halloween-shirts-lead-2000.jpg&w=426&h=285&c=sc&poi=%5B980%2C533%5D&q=85&rect=0%2C0%2C2000%2C1333
Why Does No One Ever Talk About Jamie Lee Curtis' Weird White Tights in Halloween?,https://www.instyle.com/fashion/jamie-lee-curtis-halloween-movie-outfit,
15 Ways to Turn the Most Basic Pieces in Your Closet Into a Halloween Costume,https://www.instyle.com/holidays-occasions/halloween/easy-last-minute-halloween-costumes-with-clothes-you-own,
"According to TikTok, It's 'Meg Ryan Fall' — Here Are 6 Outfits to Try ASAP",https://www.instyle.com/fashion/clothing/meg-ryan-fall-outfits,
Megan Fox's New boohoo Collaboration Was Partly Inspired By Machine Gun Kelly,https://www.instyle.com/celebrity/megan-fox/megan-fox-boohoo-collaboration-exclusive,
"Extremely Naked Dresses Are Back, and They're Actually Kind of Romantic This Time",https://www.instyle.com/fashion/clothing/naked-dress-trend-2022,
"Yes, Jean Skirts Are Back — Here Are 7 Fresh Outfits to Try Right Now",https://www.instyle.com/fashion/clothing/jean-skirt-outfits,
Butt-Protecting Fashion Is the Spring Trend We Didn't See Coming,https://www.instyle.com/fashion/clothing/butt-protecting-fashion-miniskirt-train-trend,
9 Grunge Outfits to Recreate This Fall,https://www.instyle.com/fashion/clothing/grunge-outfits,
13 Fun Fall Outfits That Revolve Around a Turtleneck,https://www.instyle.com/fashion/clothing/how-to-wear-turtlenecks,
These Details About the Costumes from Only Murders in the Building Will Change How You Watch the Show,https://www.instyle.com/fashion/clothing/only-murders-in-the-building-costume-designer-interview,
15 Iconic Rachel Green Outfits That Are Somehow Still Perfect for Fall 2021,https://www.instyle.com/fashion/clothing/rachel-green-outfits,
Gabrielle Union Wore the Sexiest and Comfiest-Looking Nap Dress,https://www.instyle.com/celebrity/gabrielle-union/gabrielle-union-sexy-nap-dress,
This Quick Shoe Trick Will Make Your Old Outfits Look Brand New,https://www.instyle.com/fashion/clothing/colorful-boots-fashion-trend,
Dakota Johnson Just Wore the Versatile Pants Trend That's Replacing Jeans,https://www.instyle.com/celebrity/dakota-johnson/dakota-johnson-trouser-pants-trend,
This $0 Styling Trick Will Make Fall Dressing So Easy,https://www.instyle.com/fashion/clothing/easy-layering-styling-trick,
Spanx Just Restocked the Faux Suede Leggings That Sold Out Less Than a Month After Their Debut ,https://www.instyle.com/fashion/spanx-faux-suede-leggings-restock,
9 Celebrities on How They Create the Perfect Fall Outfit,https://www.instyle.com/fashion/clothing/celebrities-on-the-perfect-fall-outfit,
Cutouts Are Getting Even More Daring Next Season,https://www.instyle.com/fashion/clothing/cutouts-trend-2022,
7 Fashion Experts Share Their Predictions for the Top Fashion Trends of 2022,https://www.instyle.com/fashion/clothing/best-2022-fashion-trends,
I'm Almost 30 and My Favorite Jeans Are From the Infamous Mall Brand of My Youth,https://www.instyle.com/fashion/clothing/abercrombie-and-fitch-curve-love-jeans-collection,
"I'm a Fashion Editor, And Here's What I'm Already Wearing From Target's New Designer Collab",https://www.instyle.com/fashion/clothing/target-fall-2021-designer-collection-review,
6 Perfect Fall Outfits to Wear Back to Work,https://www.instyle.com/fashion/clothing/fall-back-to-work-outfits,
8 Outfit Ideas for All the Fall Weddings You're About to Go To,https://www.instyle.com/fashion/clothing/fall-wedding-guest-outfits,
15 Easy Halloween Costume Ideas If You Just Decided You're Going Out,https://www.instyle.com/fashion/clothing/last-minute-halloween-costume-ideas,https://imagesvc.meredithcorp.io/v3/mm/image?url=https%3A%2F%2Fimagesvc.meredithcorp.io%2Fv3%2Fmm%2Fimage%3Furl%3Dhttps%253A%252F%252Fstatic.onecms.io%252Fwp-content%252Fuploads%252Fsites%252F14%252F2021%252F09%252F23%252F092321-easy-halloween-costumes-lead-2000.jpg&w=426&h=285&c=sc&poi=%5B1060%2C273%5D&q=85&rect=538%2C84%2C1618%2C804
Celebrity Stylist Dani Michelle Says This Is the Secret Behind the Viral Paper-Clip Top,https://www.instyle.com/fashion/clothing/celebrity-stylist-dani-michelle-fall-trends-dsw-interview,https://imagesvc.meredithcorp.io/v3/mm/image?url=https%3A%2F%2Fimagesvc.meredithcorp.io%2Fv3%2Fmm%2Fimage%3Furl%3Dhttps%253A%252F%252Fstatic.onecms.io%252Fwp-content%252Fuploads%252Fsites%252F14%252F2021%252F09%252F21%252F092121-dani-michelle-paperclip-top-lead-2000.jpg&w=426&h=285&c=sc&poi=%5B1020%2C479%5D&q=85&rect=0%2C0%2C2000%2C1333
Bella Hadid's Transitional and Chaotic Sweater Has Gloves and Armpit Cutouts,https://www.instyle.com/celebrity/bella-hadid/bella-hadid-armpit-cutout-sweater,
"Shoppers Say THESE Are the Levi's With a ""Perfect Fit""",https://www.instyle.com/fashion/levis-pull-on-jeans-amazon,
You Can Easily Recreate This Spring '22 Trend Using the Clothes in Your Closet,https://www.instyle.com/fashion/clothing/colorblocking-trend-spring-2022,
9 Cute Apple Picking Outfits — Because You Know It's Going on Instagram,https://www.instyle.com/fashion/clothing/fall-outfits-for-apple-picking,
Exclusive: Gabrielle Union's Clothing Line Is Back and Better Than Ever,https://www.instyle.com/celebrity/gabrielle-union/gabrielle-union-collection-clothing-line-fall-2021,
Bella Hadid Channels a Sexy Vampire in a Cutout Dress for Self-Portrait's New Campaign,https://www.instyle.com/celebrity/bella-hadid/bella-hadid-self-portrait-spring-2022,
"Jodie Turner-Smith On Her New COS Campaign, Turtlenecks, and Looking Cute in Sweats",https://www.instyle.com/fashion/clothing/jodi-turner-smith-cos-fall-2021-campaign,
Beanie Feldstein Says She and Sarah Paulson Can't Keep Their Cool Around One Impeachment Costar,https://www.instyle.com/celebrity/beanie-feldstein-impeachment-fashion-interview,
10 Outfit Ideas to Wear to a Football Game,https://www.instyle.com/fashion/clothing/what-to-wear-to-football-game,
"Pick a Favorite Shoulder, Because Asymmetrical Styles Are Everywhere for Spring '22",https://www.instyle.com/fashion/clothing/one-shoulder-trend-spring-2022,
"Chromat's Boundary-Breaking Swimwear Line Is Made for ""Girls Who Don't Tuck""",https://www.instyle.com/awards-events/fashion-week/chromat-trans-inclusive-swimwear,
"I'm a Shopping Writer, and This $40 Jacket Is Easily One of My Favorite Fall Finds",https://www.instyle.com/fashion/clothing/anna-kaci-corduroy-jacket-amazon,
7 Puffer Jacket Outfits That Prove a Coat Can Be the Highlight of Your Look,https://www.instyle.com/fashion/clothing/best-puffer-jacket-outfits,
The New New,https://www.instyle.com/fashion/the-new-new,
"8 Fall Trends You Already Have in Your Closet, and How to Wear Them Right Now",https://www.instyle.com/fashion/clothing/fashion-trends-fall-2021-in-your-closet,
This Dress Makes Me Want to Pay $810 to Essentially Be Naked,https://www.instyle.com/fashion/clothing/louisa-ballou-blue-mesh-hightide-dress,
Celebrities Have Committed to 2021's Most Chaotic Pants Trend,https://www.instyle.com/fashion/clothing/cutout-pants-trend,
Street Style Photos That Prove People Are Ready to Get Dressed Again,https://www.instyle.com/fashion/street-style/nyc-outfit-inspiration-2021,
The Exact Behind-the-Scenes Sorcery That Makes a Look Go Viral on TikTok,https://www.instyle.com/fashion/clothing/tiktok-viral-style-explained,
"We're Not Exaggerating, Every Single Piece From Target's New Designer Collab Is So Freakin' Good",https://www.instyle.com/fashion/every-piece-from-target-fall-2021-designer-collection,
11 Going-Out Outfits to Wear This Weekend,https://www.instyle.com/fashion/clothing/going-out-outfits,
16 Plaid Skirt Outfits You'll Want to Copy ASAP,https://www.instyle.com/fashion/clothing/plaid-skirt-outfits,
"So, We're Back to Wearing Black Dress Pants Everywhere, Huh?",https://www.instyle.com/fashion/clothing/black-dress-pants-trend,
Easy Tricks for Getting Makeup Stains Out of Clothing,https://www.instyle.com/how-tos/how-to-get-makeup-out-of-clothing,https://imagesvc.meredithcorp.io/v3/mm/image?url=https%3A%2F%2Fimagesvc.meredithcorp.io%2Fv3%2Fmm%2Fimage%3Furl%3Dhttps%253A%252F%252Fstatic.onecms.io%252Fwp-content%252Fuploads%252Fsites%252F14%252F2021%252F09%252F01%252F090121_makeup_stains_clothes_lead.jpg&w=426&h=285&q=85&c=tc&rect=0%2C0%2C1800%2C1200
12 Casual-Cute Outfits to Wear to a Baseball Game,https://www.instyle.com/fashion/clothing/what-to-wear-to-baseball-game,https://imagesvc.meredithcorp.io/v3/mm/image?url=https%3A%2F%2Fimagesvc.meredithcorp.io%2Fv3%2Fmm%2Fimage%3Furl%3Dhttps%253A%252F%252Fstatic.onecms.io%252Fwp-content%252Fuploads%252Fsites%252F14%252F2021%252F08%252F31%252F083121_baseball_game_lead-2000.jpg&w=426&h=285&q=85&c=tc&rect=251%2C136%2C1851%2C1202
Good News: Blanket Scarf Season Is (Almost) Here,https://www.instyle.com/fashion/clothing/how-to-wear-a-blanket-scarf,
Swimsuits Are All On Sale Right Now — Here's How to Find the Most Flattering Fits,https://www.instyle.com/fashion/swimsuits-on-sale-most-flattering,
2016's Fringe Fashion Trend Has Returned,https://www.instyle.com/fashion/clothing/fringe-clothing-fall-2021,
"Yes, Vintage Clothing Can Be Haunted — Here's How to Get Rid of That Bad Energy",https://www.instyle.com/fashion/clothing/how-to-cleanse-energy-from-vintage-clothing,
Addison Rae Weighs in On History's Most Questionable Denim Trends,https://www.instyle.com/fashion/clothing/jeans-denim/addison-rae-jeans-trends-video,
Megan Fox's Monochromatic Outfits Secretly Tackle About 6 Trends at Once,https://www.instyle.com/celebrity/megan-fox/megan-fox-monochromatic-outfits,
Gabrielle Union Has Been Pulling These 9 Fashion Tricks For Over 20 Years,https://www.instyle.com/celebrity/gabrielle-union/gabrielle-union-style,
Mummy Outfits Are Popping Up All Over Hollywood,https://www.instyle.com/fashion/clothing/mummy-clothing-trend,
"A Month's Worth of Fall Outfit Ideas, Courtesy of Copenhagen Fashion Week",https://www.instyle.com/fashion/street-style/fall-outfit-ideas-copenhagen-street-style,
13 Easy Halloween Costumes You Can Definitely Wear After October 31,https://www.instyle.com/holidays-occasions/halloween/easy-halloween-costume-ideas,
Can India's Favorite Bridalwear Designer Make an H&M Collection That Lasts Forever?,https://www.instyle.com/fashion/clothing/sabyasachi-hm-collaboration,
Stylist Karla Welch Is Selling Celeb-Worthy Vintage On Poshmark Right Now,https://www.instyle.com/fashion/karla-welch-poshmark-closet-sale,
Bella Hadid Is Undergoing a Chaotic Fashion Transformation,https://www.instyle.com/celebrity/bella-hadid/bella-hadid-fashion-transformation,
"OMG, The Internet's Favorite Nap Dress Just Got a Bridgerton Twist",https://www.instyle.com/fashion/clothing/hill-house-home-bridgerton-nap-dress-collection,
I Tried the Seamless Underwear Boasting a 'Second Skin'' Feel and Was Immediately Hooked,https://www.instyle.com/fashion/clothing/eby-seamless-panties-review,
Why TikTok's Brittany Xavier Is Continuing to Wear Crop Tops and Cutouts While Pregnant (Exclusive),https://www.instyle.com/fashion/clothing/brittany-xavier-pregnancy-fashion-interview,
"Sorry, Sweatsuits — You've Just Been Replaced By The 3-Piece Outfit Trend",https://www.instyle.com/fashion/clothing/three-piece-outfit-trend,
"Target's Next Collab Will Include Nili Lotan, Rachel Comey, Sandy Liang, and Victor Glemaud ",https://www.instyle.com/fashion/target-fall-designer-collection-2021,
"Cropped Cardigans, Knee-High Socks, and 7 More '90s Trends That Will Be Big For Fall",https://www.instyle.com/fashion/clothing/everyday-90s-fashion,
"The Shirt Dress 2.0 Is Here, and It's Actually Better Than the Original",https://www.instyle.com/fashion/clothing/ruched-shirt-dress-trend,
"Billy Porter's 10 Biggest, Boldest, and Best Fashion Moments",https://www.instyle.com/fashion/billy-porter-best-style-moments,
"Angelina Jolie Loves Beige, But These 6 Tricks Ensure Her Outfits Are Never Boring",https://www.instyle.com/celebrity/angelina-jolie/angelina-jolie-beige-outfits,
The New Work Wardrobe Is a Chance to Uncomplicate Your Life,https://www.instyle.com/fashion/clothing/new-work-wardrobe,
The Unironic Return of Millennial Teen Style,https://www.instyle.com/fashion/clothing/y2k-core-millennial-teen-trends,https://imagesvc.meredithcorp.io/v3/mm/image?url=https%3A%2F%2Fimagesvc.meredithcorp.io%2Fv3%2Fmm%2Fimage%3Furl%3Dhttps%253A%252F%252Fstatic.onecms.io%252Fwp-content%252Fuploads%252Fsites%252F14%252F2021%252F07%252F16%252Fmillenial-trends-lead-2000.jpg&w=426&h=285&q=85&c=tc&rect=80%2C110%2C1459%2C1030
9 Classic Pieces That Are Worth a Splurge,https://www.instyle.com/fashion/clothing/classic-pieces-worth-investment,https://imagesvc.meredithcorp.io/v3/mm/image?url=https%3A%2F%2Fimagesvc.meredithcorp.io%2Fv3%2Fmm%2Fimage%3Furl%3Dhttps%253A%252F%252Fstatic.onecms.io%252Fwp-content%252Fuploads%252Fsites%252F14%252F2021%252F07%252F19%252Fsplurge-2000.jpg&w=426&h=285&q=85&c=tc&rect=106%2C32%2C1705%2C1098
"I Bought So Many Dresses for Summer, but This $15 Target Option Is All I Wear",https://www.instyle.com/fashion/clothing/target-summer-dress-a-new-day,
'90s Celebrity Outfits You Can Absolutely Still Wear Today,https://www.instyle.com/fashion/clothing/everyday-90s-fashion-celebrity-outfits,
Is Splatter Paint the New Tie-Dye?,https://www.instyle.com/fashion/clothing/splatter-paint-trend,
Why This One Coat Is Always Worth the Investment,https://www.instyle.com/fashion/clothing/trench-coat-outfit-ideas,
Shopping Hacks Fashion Editors Use to Get the Lowest Price Possible on Expensive Pieces,https://www.instyle.com/fashion/clothing/shopping-hacks-online-discounts,
"I Swear by This Strapless, Backless Bra — and It's Back in Stock at Target",https://www.instyle.com/fashion/clothing/superlite-adhesive-strapless-backless-bra-target,
Andrea Iyamah Created a Bucket Hat That's Magically Also a Drink Cooler,https://www.instyle.com/fashion/accessories/andrea-iyamah-ice-bucket-hat,
How Stylists and Fashion Editors Find Special Designer Pieces No One Else Has,https://www.instyle.com/fashion/clothing/best-online-thrift-stores,
How to Know When to Save or Splurge When Building a Capsule Wardrobe,https://www.instyle.com/fashion/clothing/capsule-wardrobe-shopping-guide,
15 Cute Date Outfit Ideas for Fall,https://www.instyle.com/fashion/clothing/cute-date-outfit-ideas-fall,
How to Style Fashion's Most Controversial Jeans Trend Once and For All,https://www.instyle.com/fashion/clothing/how-to-wear-mom-jeans,
It Looks Like Hailey Bieber Secretly Recreated Some of Jennifer Lopez's Best '00s Outfits,https://www.instyle.com/fashion/clothing/hailey-bieber-wearing-jennifer-lopez-2000s-outfits,
Naomi Osaka Shares Her Off-Duty Favorites,https://www.instyle.com/awards-events/sports/olympics/naomi-osaka-off-duty-style,
Bella Hadid and Beyoncé Both Approve of This Ridiculously Easy $0 Outfit Trick,https://www.instyle.com/fashion/clothing/knotted-shirt-fashion-trick,
Khloé Kardashian Jokes That Kim Copied Her By Releasing a Neon Collection,https://www.instyle.com/fashion/clothing/good-american-neon-collection-khloe-kardashian-interview,
Now Is the Time to Buy the Boots You've Been Thinking About for Years,https://www.instyle.com/fashion/shoes/when-to-buy-boots,
Stylists Say These 15 Pieces Are All You Need to Pack For Cute Summer Vacation Outfits,https://www.instyle.com/fashion/clothing/vacation-fashion,
"I'm a Fashion Editor, and These Are My Best Tips For Finding Your Personal Style",https://www.instyle.com/fashion/clothing/how-to-find-your-own-personal-style,
17 Pieces of Music Merch That Are Actually Cute and Wearable,https://www.instyle.com/fashion/clothing/cute-music-merchandise-to-shop,
Printed Jeans Are Back Like It's 2012,https://www.instyle.com/fashion/clothing/printed-jeans,
These 9 'Gen Z' Stores Sell Insanely Cute (and Inexpensive) Clothes,https://www.instyle.com/fashion/clothing/gen-z-clothing-stores,
Everyone Is Dressing Like 2002 Christina Aguilera Now,https://www.instyle.com/fashion/clothing/christina-aguilera-throwback-trends,
"Bring On Butterfly Tails, the Laziest Sexy Trend of the Year",https://www.instyle.com/fashion/clothing/butterfly-tails-corset-trend,
Gossip Girl Costume Designer Eric Daman Definitely Felt Pressure Dressing This New Cast,https://www.instyle.com/fashion/clothing/eric-daman-gossip-girl-costumes-interview,https://imagesvc.meredithcorp.io/v3/mm/image?url=https%3A%2F%2Fimagesvc.meredithcorp.io%2Fv3%2Fmm%2Fimage%3Furl%3Dhttps%253A%252F%252Fstatic.onecms.io%252Fwp-content%252Fuploads%252Fsites%252F14%252F2021%252F07%252F08%252F070821_gossip_girl_lead.jpg&w=426&h=285&q=85&c=tc&rect=0%2C60%2C2000%2C1393
Doja Cat Is a Futuristic Fashion Alien — and That's What Sets Her Apart,https://www.instyle.com/celebrity/doja-cat-futuristic-style,https://imagesvc.meredithcorp.io/v3/mm/image?url=https%3A%2F%2Fimagesvc.meredithcorp.io%2Fv3%2Fmm%2Fimage%3Furl%3Dhttps%253A%252F%252Fstatic.onecms.io%252Fwp-content%252Fuploads%252Fsites%252F14%252F2021%252F07%252F02%252F070221_doja_cat_4.jpg&w=426&h=285&q=85&c=tc&rect=0%2C0%2C1500%2C1000
"Macy's Black Friday in July Sale Has Discounts So Big, We Thought They Were Mistakes",https://www.instyle.com/fashion/macys-black-friday-in-july-sale,
"Statement Tees Are Trending Again, So We Made You One",https://www.instyle.com/reviews-coverage/ladies-first-podcast-laura-brown/ladies-first-merch-collection,
Demi Moore and Her Daughters Wear Matching Swimsuits in Andie's Latest Campaign,https://www.instyle.com/fashion/clothing/demi-moore-daughters-andie-swim,
The Summer-3 Fashion Rule Is the Easy Yet Smart Outfit Trick You Have to Try,https://www.instyle.com/fashion/clothing/the-summer-3-fashion-rule-is-the-seasons-best-outfit-idea,
The Brami Is the Sleek Adult Update to the Cami You Wore in Middle School,https://www.instyle.com/fashion/clothing/brami-bra-cami,
"Gothcore Is Fashion's Sexy, Spooky Response to Dressing Like a Prairie Girl",https://www.instyle.com/fashion/clothing/gothcore-fashion-trend,
The $118 Butt-Lifting Leggings Celebs Love Are Just $29 Right Now,https://www.instyle.com/fashion/noli-yoga-fourth-of-july-sale-2021,
"Celebrity Stylist Maeve Reilly Weighs in On 'Ugly' Fashion, Affordable Sneakers, and Coordinating Couples",https://www.instyle.com/fashion/clothing/celebrity-stylist-maeve-reilly-fashion-tips-interview,
"The Controversial Graphic Tee Trend Is Back, and It Feels Like It's 2002",https://www.instyle.com/fashion/clothing/graphic-t-shirt-trend,
This Is Marc Jacobs' Moment and He Knows It,https://www.instyle.com/fashion/runway/marc-jacobs-fall-2021-review,
"Models Are Already Wearing Fall Outfits, Just, FYI",https://www.instyle.com/fashion/clothing/celebrity-fall-outfits,
"So, Kim Kardashian Is Designing the Official Team USA Undergarments at the Olympics",https://www.instyle.com/fashion/clothing/skims-olympics-undergarments,
10 Braless (Yet Supportive) Outfit Ideas to Try This Summer,https://www.instyle.com/fashion/clothing/braless-outfit-ideas,
Kendall Jenner Added a Twist to the Supermodel-Approved Paperclip Top,https://www.instyle.com/celebrity/kendall-jenner/kendall-jenner-vest,
"Finally, a Pair of Shorts That Can Do It All — Spanx's Water-Resistant Shorts Just Restocked",https://www.instyle.com/fashion/clothing/spanx-sunshine-shorts-collection-restock,
10 Times Kourtney Kardashian and Travis Barker Coordinated Their Outfits,https://www.instyle.com/celebrity/kourtney-kardashian/kourtney-kardashian-travis-barker-coordinated-outfits,
"Brock Collection x H&M Is Here, and According to the Designers, These 4 Pieces Are Must-Haves",https://www.instyle.com/fashion/clothing/brock-collection-hm-collaboration,
It's Not Your Imagination - Extreme Mamma Mia Bell Bottoms Are Trending,https://www.instyle.com/fashion/clothing/bell-bottoms-flare-pants-trend,
"13 Fall Dress Trends That Actually Work For Summer, Too",https://www.instyle.com/fashion/clothing/fall-dresses-2021,
These 11 Fashion Trends Are Going Viral This Summer - But They're Actually From the '70s,https://www.instyle.com/fashion/clothing/70s-summer-fashion-trends,
The Most Hated Jeans on the Internet Are Now Just $33 for Prime Day — and They're Selling Fast,https://www.instyle.com/fashion/levis-denim-deals-skinny-jeans-amazon-prime-day-2021,
Paper Clip Tops Are the Latest Strange But Super Sexy Trend Models Are Loving ,https://www.instyle.com/fashion/clothing/paper-clip-crop-top-trend,
Millennial Mom Jeans Are Taking Over As the Next Big Denim Craze,https://www.instyle.com/fashion/clothing/millennial-mom-jeans,
"How to Wear Cottagecore In 2021, Because the Whimsical Aesthetic Isn't Going Anywhere",https://www.instyle.com/fashion/clothing/how-to-wear-cottagecore-trend,https://imagesvc.meredithcorp.io/v3/mm/image?url=https%3A%2F%2Fimagesvc.meredithcorp.io%2Fv3%2Fmm%2Fimage%3Furl%3Dhttps%253A%252F%252Fstatic.onecms.io%252Fwp-content%252Fuploads%252Fsites%252F14%252F2021%252F06%252F17%252F061721-cottagecore-lead-2000.jpg&w=426&h=285&c=sc&poi=%5B634%2C420%5D&q=85&rect=19%2C208%2C1405%2C1131
Michael Strahan Has Some Great Last-Minute Father's Day Gift Ideas,https://www.instyle.com/fashion/clothing/michael-strahan-fashion-fathers-day-juneteenth-interview,https://imagesvc.meredithcorp.io/v3/mm/image?url=https%3A%2F%2Fimagesvc.meredithcorp.io%2Fv3%2Fmm%2Fimage%3Furl%3Dhttps%253A%252F%252Fstatic.onecms.io%252Fwp-content%252Fuploads%252Fsites%252F14%252F2021%252F06%252F18%252FMichael-Strahan-lead-2000.jpg&w=426&h=285&q=85&c=tc&rect=200%2C180%2C1800%2C1247
Katie Holmes Wore the Best Pair of Jeans - As Joey Potter On Dawson's Creek,https://www.instyle.com/celebrity/katie-holmes/katie-holmes-joey-potter-jeans,
The Most Divisive Trend of the Summer Is This Tarzan-Like String Bikini Bottom,https://www.instyle.com/fashion/clothing/side-tie-string-bikini-bottom-trend,
Every Celebrity Is Dressing Like '90s Cindy Crawford Right Now,https://www.instyle.com/fashion/clothing/celebrities-wearing-white-shirts-and-jeans,
"TikTok Discovered That Target Has the Best Summer Dresses, and We Can't Disagree",https://www.instyle.com/fashion/target-summer-dresses-tiktok,
Jennifer Lopez and Ben Affleck's '00s Couple Outfits Are Surprisingly On-Trend For 2021,https://www.instyle.com/celebrity/jennifer-lopez/jennifer-lopez-ben-afflecks-00s-couple-outfits,
Are You Ready For Butt Ruffle Bathing Suits?,https://www.instyle.com/fashion/clothing/butt-ruffle-bathing-suit-trend,
8 Major Summer Fashion Trends That Are Already in Your Closet,https://www.instyle.com/fashion/clothing/best-summer-2021-fashion-trends-in-your-closet,
Irina Shayk Is Making a Strong Case For Wearing Boots in the Summer,https://www.instyle.com/fashion/shoes/irina-shayk-tamara-mellon-shoe-collaboration,
How to Fray Jeans at Home in 4 Easy Steps,https://www.instyle.com/fashion/clothing/how-to-fray-jeans,
Your Favorite Sunglasses Brand Just Released the Cutest Sustainable Collection,https://www.instyle.com/fashion/garrett-leight-parks-project-capsule-collection,
Looking Back at the Fashion From Younger,https://www.instyle.com/fashion/clothing/younger-tv-show-costumes-final-season,
Khloé Kardashian Posed Topless For Good American's New Campaign,https://www.instyle.com/celebrity/khloe-kardashian/khloe-kardashian-topless-for-good-americans-new-campaign,
How to Style a Corset Without Looking Like You're Attempting Victorian Cosplay,https://www.instyle.com/fashion/clothing/corset-outfits,
"Ferris Bueller's Day Off Turns 35 This Month, and I Still Want to Dress Like His Girlfriend, Sloane Peterson",https://www.instyle.com/fashion/clothing/ferris-buellers-day-off-sloane-peterson-fashion,
When Do Fat People Get Gender-Neutral Fashion?,https://www.instyle.com/fashion/clothing/plus-size-gender-neutral-style,
"Of All the Ways Clothing Is Gendered, Pockets Are the Most Ridiculous",https://www.instyle.com/fashion/clothing/womens-clothing-with-pockets,
The New Capsule Wardrobe Is Genderless,https://www.instyle.com/fashion/clothing/unisex-capsule-wardrobe,
We Need to Be Paying Attention to South Asian Fashion,https://www.instyle.com/fashion/clothing/south-asian-designers,
Gender-Free Fashion Needs to Start in the Kids' Department,https://www.instyle.com/fashion/clothing/gender-neutral-kids-styles,
The 11 Best Genderless Fashion Lines to Shop Right Now,https://www.instyle.com/fashion/clothing/gender-neutral-brands,
The Life-Changing Power of the Right Kind of Underwear,https://www.instyle.com/fashion/clothing/gender-affirming-underwear,
"On TikTok, Fashion Is Already Post-Gender",https://www.instyle.com/fashion/clothing/tiktok-gender-free-fashion,
Gigi Hadid's Sweater Looks Like It Was Made By Your Grandma,https://www.instyle.com/celebrity/gigi-hadid/gigi-hadid-grandma-sweater,
11 Brands that Support the LGBTQ+ Community All Year Round,https://www.instyle.com/fashion/clothing/brands-supporting-lgbtq,https://imagesvc.meredithcorp.io/v3/mm/image?url=https%3A%2F%2Fimagesvc.meredithcorp.io%2Fv3%2Fmm%2Fimage%3Furl%3Dhttps%253A%252F%252Fstatic.onecms.io%252Fwp-content%252Fuploads%252Fsites%252F14%252F2021%252F06%252F03%252F060321_pride_where_to_shop_lead.jpg&w=426&h=285&q=85&c=tc&rect=0%2C0%2C1800%2C1200
"So Many Styles of This Ugly ""It Shoe"" Are Marked Down at Nordstrom — and Prices Start at $12",https://www.instyle.com/fashion/shoes/nordstrom-half-yearly-sale-slide-sandals-2021,https://imagesvc.meredithcorp.io/v3/mm/image?url=https%3A%2F%2Fimagesvc.meredithcorp.io%2Fv3%2Fmm%2Fimage%3Furl%3Dhttps%253A%252F%252Fstatic.onecms.io%252Fwp-content%252Fuploads%252Fsites%252F14%252F2021%252F06%252F02%252F060221_shower_slides_lead.jpg&w=426&h=285&q=85&c=tc&rect=0%2C0%2C2000%2C1333
Grab Your Wallet: Rixo Just Launched the Cutest Sustainable Swim Line That Starts at $73,https://www.instyle.com/fashion/clothing/rixo-sustainable-swimsuits,
The Investment Pieces Busy Philipps Will Never Stop Re-Wearing,https://www.instyle.com/celebrity/busy-philipps/busy-philipps-fashion-interview-credit-karma,
Light Academia Is the Rising Trend Threatening to Replace Cottagecore,https://www.instyle.com/fashion/clothing/light-academia-fashion-trend,
These 10 Plus-Size Summer Outfit Ideas Are So Cute We Could Scream,https://www.instyle.com/fashion/clothing/plus-size-summer-outfits,
Target Already Discounted Thousands of Items for Memorial Day Weekend,https://www.instyle.com/fashion/target-memorial-day-weekend-deals-2021,
Anne Hathaway's Layered Outfit Just Transported Me Back to 2012,https://www.instyle.com/fashion/clothing/anne-hathaway-wecrashed-layered-outfit,
This AAPI-Owned Brand Makes Bras That Finally Fit Small Boobs,https://www.instyle.com/fashion/clothing/pepper-bras-interview,
PSA: This Sustainable Denim Brand Is Offering Deals as Low as $32,https://www.instyle.com/fashion/clothing/g-star-raw-memorial-day-sale-2021,
"Someone Alert Christina Aguilera, Because Twisted Halter-Neck Tops Are Trending",https://www.instyle.com/fashion/clothing/twisted-halter-neck-tops-and-dresses,
These $14 Slides Will Be the Next Ugly Sandals to Earn a Place in Your Heart and Gym Bag,https://www.instyle.com/fashion/shoes/funkymonkey-non-slip-slide-sandal-amazon,
The 7 Best Bathing Suits For Long Torsos,https://www.instyle.com/fashion/clothing/best-long-torso-swimsuits,
12 Memorial Day Outfit Ideas to Wear All Weekend (and Summer) Long,https://www.instyle.com/fashion/clothing/memorial-day-outfit-ideas,
16 Summer Dresses That You Can Actually Wear With a Bra,https://www.instyle.com/fashion/clothing/summer-dresses-for-big-busts-wear-with-bra,
Fashion Experts Reveal What to Wear to a Beach Wedding — and What to Avoid,https://www.instyle.com/fashion/clothing/beach-wedding-guest-outfit-ideas,
Cynthia Erivo's Billboard Music Awards Jewelry Contained a Hidden Jewel No One Could See,https://www.instyle.com/awards-events/red-carpet/jason-bolden-cynthia-erivo-billboard-awards,
"Fairycore Fashion is the Dreamy, Ethereal Trend You Have to Try",https://www.instyle.com/fashion/clothing/fairycore-fashion-trend,
Halle Berry Designed the Sexiest Black Dress — and It's Actually Workout Clothes,https://www.instyle.com/fashion/clothing/halle-berry-lindsay-flores-sweaty-betty-collaboration,
"What to Wear for a Summer Job Interview, According to 11 Different Professionals",https://www.instyle.com/fashion/clothing/summer-interview-outfits,
"I’m a Fashion Editor, and These 6 Fashion Tricks Make My Outfits Look More Expensive",https://www.instyle.com/fashion/clothing/fashion-tricks-to-make-outfits-look-more-expensive,
We're Finally Giving Into the Cute But Confusing Summer Knits Trend,https://www.instyle.com/fashion/clothing/summer-knitwear-trend,
The Ultimate Must-See Moment From MTV's TV & Movie Awards? Bling Empire's Christine Chiu's Dress,https://www.instyle.com/fashion/christine-chiu-mtv-tv-movie-awards-2021,
Everything to Buy From Target's Designer Dress Collection Before It Sells Out,https://www.instyle.com/fashion/clothing/target-designer-dress-collection-shop,
How Mo Became the Best Dressed Character on Zoey's Extraordinary Playlist,https://www.instyle.com/fashion/clothing/zoeys-extraordinary-playlist-mo-costumes,
So Many Top Models Are Dressing Like Ice Cream Cones Right Now,https://www.instyle.com/fashion/clothing/ice-cream-cone-fashion-trend,https://imagesvc.meredithcorp.io/v3/mm/image?url=https%3A%2F%2Fimagesvc.meredithcorp.io%2Fv3%2Fmm%2Fimage%3Furl%3Dhttps%253A%252F%252Fstatic.onecms.io%252Fwp-content%252Fuploads%252Fsites%252F14%252F2021%252F05%252F13%252F051321-ice-cream-dressing-khaki-pants-white-top-lead-2000.jpg&w=426&h=285&c=sc&poi=%5B980%2C546%5D&q=85&rect=0%2C0%2C2000%2C1333
All the Cool Pants Have Ankle Straps (aka Leg Belts) Now,https://www.instyle.com/fashion/clothing/ankle-strap-pants,https://imagesvc.meredithcorp.io/v3/mm/image?url=https%3A%2F%2Fimagesvc.meredithcorp.io%2Fv3%2Fmm%2Fimage%3Furl%3Dhttps%253A%252F%252Fstatic.onecms.io%252Fwp-content%252Fuploads%252Fsites%252F14%252F2021%252F05%252F11%252F051121_fof_pants_lead.jpg&w=426&h=285&q=85&c=tc&rect=0%2C0%2C2000%2C1333
"Gen Z Just Turned This Confusing, Ugly '90s Trend Into Summer's Hottest Item",https://www.instyle.com/fashion/clothing/skort-fashion-trend-outfit-ideas,
9 Sexy Swimsuit Style Lessons We've Learned From Jennifer Lopez,https://www.instyle.com/celebrity/jennifer-lopez/jennifer-lopez-bathing-suit-style,
H&M's Lemlem Collaboration Delivers a Supermodel Styling Trick Using Recycled Plastic,https://www.instyle.com/fashion/lemlem-x-hm-liya-kebede-interview,
How to Align Your Wardrobe With Your Aura to Radiate Good Vibes 24/7,https://www.instyle.com/fashion/clothing/how-to-align-your-wardrobe-with-your-aura,
The Coolest (and Surprisingly Easy) Tank Top Hacks We Learned From TikTok,https://www.instyle.com/fashion/clothing/tiktok-tank-top-tricks,
6 Times BTS Wore Louis Vuitton (and We Swooned),https://www.instyle.com/fashion/clothing/bts-louis-vuitton-style,
This Audrey Hepburn Dress Is Way Better Than Anything She Wore in Breakfast at Tiffany's,https://www.instyle.com/celebrity/audrey-hepburn/audrey-hepburn-sabrina-dress,
"I'm Over 30, But I'm Regressing Back to My Sexy, Early-20s Style For #ShotGirlSummer",https://www.instyle.com/fashion/clothing/sexy-shot-girl-summer-style,
This Emotional Fashion Trend Is a Great Way to Silently Express Your Mood,https://www.instyle.com/fashion/clothing/emotional-happy-sad-emoji-clothing-trend,
"The Days of Chaotic, Below-the-Waist Fashion Are Finally Here",https://www.instyle.com/fashion/clothing/below-the-waist-fashion-trends,
Midriffs Were Definitely the Winning Trend at the 2021 Oscars,https://www.instyle.com/awards-events/red-carpet/oscars/midriffs-trend-oscars-2021,
5 Easy Spring Trends That Are Already in Your Closet,https://www.instyle.com/fashion/clothing/easy-spring-trends-you-already-own,
"These Brands Donate to Environmental Causes, Even When It’s Not Earth Day",https://www.instyle.com/fashion/clothing/brands-that-donate-to-environmental-causes,
"10 Fashion Trends You Loved as a Kid, and the Adult Counterpart to Wear Today",https://www.instyle.com/fashion/clothing/kid-fashion-trends-for-adults,
"If Your Sustainable Fashion Doesn't Announce Itself, Does it Count?",https://www.instyle.com/fashion/eco-friendly-clothing-labels,
"Meredith Koop on Styling Michelle Obama, the Drama of Re-Wears, and What Comes Next",https://www.instyle.com/celebrity/meredith-koop-michelle-obama-stylist,
Fashion's Biggest Spring Trend Is Also Its Most Literal,https://www.instyle.com/fashion/clothing/egg-fashion-trend,
It's Not Your Imagination — These 5 Prints Are Everywhere This Spring,https://www.instyle.com/fashion/clothing/spring-prints-trends,
There's Never Been a Better Time to Learn to Knit,https://www.instyle.com/fashion/knitting-crochet-trend-summer-2021,
3 Celebrity-Loved Designers Are Partnering With Target On 70 Dresses — For Under $60,https://www.instyle.com/fashion/clothing/target-designer-dress-collection-christopher-john-rogers-alexis-rixo,
Leave it to TikTok to Find a $20 Dupe of Lululemon's Biker Shorts,https://www.instyle.com/fashion/heathyoga-amazon-biker-shorts-lululemon-dupe,
Beyoncé Wore a Blinged-Out Blazer and No Bra,https://www.instyle.com/celebrity/beyonce-knowles/beyonce-instagram-white-blazer-nameplate-chains,
14 Cute Summer Shoes That Shockingly Aren't Slippers,https://www.instyle.com/fashion/clothing/summer-shoes-for-women,
"This Is The Easiest Way To Make Your Outfit Look Better, According to Stylists",https://www.instyle.com/fashion/clothing/make-clothes-fit-better-tips,https://imagesvc.meredithcorp.io/v3/mm/image?url=https%3A%2F%2Fimagesvc.meredithcorp.io%2Fv3%2Fmm%2Fimage%3Furl%3Dhttps%253A%252F%252Fstatic.onecms.io%252Fwp-content%252Fuploads%252Fsites%252F14%252F2021%252F04%252F08%252F040821_www_clothes_fit_better_lead.jpg&w=426&h=285&q=85&c=tc&rect=0%2C0%2C1800%2C1200
"6 ""Body Type"" Rules That Fashion Completely Got Wrong",https://www.instyle.com/fashion/clothing/body-type-rules-that-fashion-got-wrong,https://imagesvc.meredithcorp.io/v3/mm/image?url=https%3A%2F%2Fimagesvc.meredithcorp.io%2Fv3%2Fmm%2Fimage%3Furl%3Dhttps%253A%252F%252Fstatic.onecms.io%252Fwp-content%252Fuploads%252Fsites%252F14%252F2021%252F04%252F08%252F040821_www_body_type_lead.jpg&w=426&h=285&q=85&c=tc&rect=0%2C0%2C1800%2C1200
15 Pairs of Jeans That Look Spectacular On Long Legs,https://www.instyle.com/fashion/clothing/best-tall-jeans,
Lana Condor Wore a Lacy Sheer Dress to the 2021 Costume Designers Guild Awards,https://www.instyle.com/celebrity/lana-condor-sheer-dress-designers-guild-awards,
12 Shorts Outfit Ideas That Will Help Reinvent the Ones You Already Own,https://www.instyle.com/fashion/clothing/shorts-outfit-ideas,
Stylists Say You Should Narrow Down Your Spring Wardrobe to Just 16 Pieces,https://www.instyle.com/fashion/clothing/spring-styles-2021,
"Misha Nonoo, Meghan Markle's Go-To Basics Brand, Just Launched Plus Sizes",https://www.instyle.com/fashion/clothing/misha-nonoo-plus-sizes,
There’s a Sneaky Way to Shop the Exact Outfits From Shows Like The Nanny and Friends,https://www.instyle.com/fashion/clothing/vintage-shopping-old-tv-movie-outfits,
"I'm a Fashion Editor, and These Are the 17 Spring Dresses in My Cart Right Now",https://www.instyle.com/fashion/clothing/spring-dresses,
Summer 2021's Sexiest Dress Trend Is Secretly 90 Years Old,https://www.instyle.com/fashion/clothing/backless-dress-trend,
"Gigi Hadid, Kendall Jenner, and Jennifer Lopez Have All Been Spotted in This Must-Have Swimsuit Brand",https://www.instyle.com/fashion/clothing/frankies-bikinis-nordstrom,
Summer's Hottest Swimsuit Trend Looks Fancy and Expensive — But It's Not,https://www.instyle.com/fashion/clothing/lurex-swimwear-fashion-trend,
"Skai Jackson On Social Media, Statement Tees, and Her Favorite Petite Styling Hacks",https://www.instyle.com/fashion/clothing/skai-jackson-aerie-interview,
Victoria Beckham Wore Leopard Print With a Lace Cutout,https://www.instyle.com/celebrity/victoria-beckham/victoria-beckham-leopard-print-lace-dress,
Halle Berry Wore a See-Through Mesh Gown,https://www.instyle.com/celebrity/halle-berry/halle-berry-see-through-mesh-gown,
The French Bikini Is the One Swimwear Trend That Works for Small and Large Chests,https://www.instyle.com/fashion/clothing/french-bikini,
Mandy Moore’s 'Ugly' Cardigan From A Walk To Remember Deserved Better,https://www.instyle.com/fashion/clothing/mandy-moore-sweater-a-walk-to-remember,
"Yes, Clogs Have Returned",https://www.instyle.com/fashion/shoes/clogs-shoes-fashion-trend,
There's a Reason This Popular Spring Dress Trend Looks So Familiar,https://www.instyle.com/fashion/clothing/empire-waist-dress-trend,
5 Fashion People on What They're Actually Wearing During the Pandemic,https://www.instyle.com/fashion/fashion-people-wearing-in-quarantine,
Law Roach Wants to Help You Find Timeless Vintage Pieces,https://www.instyle.com/fashion/clothing/law-roach-tradesy-vintage-fashion,
"I’m a Millennial, But These Are the 8 'Bad' Fashion Trends Gen Z Got Right",https://www.instyle.com/fashion/clothing/easy-gen-z-fashion-trends,
This Celeb-Loved Swimsuit Brand Just Released the Cutest Matching Family Collection,https://www.instyle.com/fashion/clothing/sara-foster-summersalt-family-bathing-suits,
"8 ""In-Betweener"" Influencers to Follow For Mid-Size Fashion Inspiration",https://www.instyle.com/fashion/street-style/inbetweener-mid-size-fashion-influencers,
"Not to Upset You, But Ashley Tisdale's Cringey '00s Outfits Are Cool Again",https://www.instyle.com/celebrity/ashley-tisdale/ashley-tisdale-2000s-outfits,
Kate Hudson Wore the World's Best Outfit in 2004's Raising Helen,https://www.instyle.com/fashion/clothing/kate-hudson-raising-helen-sweater,https://imagesvc.meredithcorp.io/v3/mm/image?url=https%3A%2F%2Fimagesvc.meredithcorp.io%2Fv3%2Fmm%2Fimage%3Furl%3Dhttps%253A%252F%252Fstatic.onecms.io%252Fwp-content%252Fuploads%252Fsites%252F14%252F2021%252F03%252F24%252F032421_made_a_scene_lead-2000.jpg&w=426&h=285&q=85&c=tc
Jennifer Hudson's Hot Pants and T-Shirt Outfit Is a Summer 2021 Vibe,https://www.instyle.com/celebrity/jennifer-hudson/jennifer-hudson-wore-hot-pants,https://imagesvc.meredithcorp.io/v3/mm/image?url=https%3A%2F%2Fimagesvc.meredithcorp.io%2Fv3%2Fmm%2Fimage%3Furl%3Dhttps%253A%252F%252Fstatic.onecms.io%252Fwp-content%252Fuploads%252Fsites%252F14%252F2021%252F03%252F23%252F032321-News-Jennifer-Hudson-Lead-2000.jpg&w=426&h=285&q=85&c=tc&rect=334%2C134%2C1102%2C646
Demi Lovato Wore a No-Pants Blazer Outfit to the Premiere of Dancing With The Devil,https://www.instyle.com/celebrity/demi-lovato/demi-lovato-dancing-with-the-devil-premiere-outfit,
"The Best Outfit Idea for Your Zodiac Sign, According to an Astrologer",https://www.instyle.com/fashion/clothing/zodiac-outfits,
Nordstrom Just Put Hundreds of Jeans on Sale — Including Jennifer Garner and Jennifer Aniston's Favorites,https://www.instyle.com/fashion/nordstrom-secret-celebrity-approved-denim-sale,
23 Asian American Fashion Brands to Support Now and Always,https://www.instyle.com/fashion/clothing/asian-american-fashion-brands,
Hear Me Out: Scooby Doo Has Some Great Outfit Ideas For 2021,https://www.instyle.com/fashion/clothing/scooby-doo-fashion-outfit-ideas,
10 In-Between Spring Jackets That Will Definitely Come in Handy This Season,https://www.instyle.com/fashion/clothing/best-spring-jackets-for-women,
"11 Skirt Outfits to Wear Now, Because We're So Tired of Sweatpants",https://www.instyle.com/fashion/clothing/skirt-outfit-ideas,
"If Low-Rise Makes You Cringe, You’ll Really Hate Thong Jeans",https://www.instyle.com/fashion/clothing/thong-jeans-cutout-pants-trend,
"Halle Berry Invented These 13 Fashion Trends, and You Can’t Convince Us Otherwise",https://www.instyle.com/celebrity/halle-berry/halle-berry-90s-00s-fashion-trends,
"Cynthia Erivo's Grammys Dress Included Over 60,000 Glass Beads, Crystals, and Sequins",https://www.instyle.com/awards-events/red-carpet/grammys/cynthia-erivo-grammys-dress-louis-vuitton,
Noah Cyrus Had a Gravity Defying Moment at the Grammys,https://www.instyle.com/awards-events/red-carpet/grammys/noah-cyrus-grammys-2021-dress,
Megan Fox Has Been Pulling This Truly Immortal Fashion Formula For Months,https://www.instyle.com/celebrity/megan-fox/megan-fox-black-outfits,
Sarah Jessica Parker Has Been Pulling These 10 Fashion Tricks Since the '80s,https://www.instyle.com/celebrity/sarah-jessica-parker/sarah-jessica-parker-fashion-rules,
We're Still Not Over the Confusing '00s Dress-Over-Pants Trend — and Now It's Back,https://www.instyle.com/fashion/clothing/dress-over-pants-fashion-trend,
Halle Berry Wore a Very Sheer Crop Top and Tulle Ball Gown Skirt Just Because,https://www.instyle.com/celebrity/halle-berry/halle-berry-sheer-top-tulle-skirt-christian-siriano-fall-2021,
10 Graduation Outfit Ideas That Are Actually Cute,https://www.instyle.com/fashion/clothing/what-to-wear-graduation,
10 Cute Summer Outfit Ideas to Wear All Season Long,https://www.instyle.com/fashion/clothing/cute-summer-outfit-ideas-to-wear-in-2021,
Anya Taylor-Joy's Fancy Tulle Gown Took 200 Hours to Make,https://www.instyle.com/awards-events/anya-taylor-joy-critics-choice-awards-2021,
Regina King Wore the Most Glamorous Sequined Gown to the Critics' Choice Awards,https://www.instyle.com/awards-events/regina-king-critics-choice-awards-2021-gown,
10 Outfits That Prove Bucket Hats Weirdly Look Good With Everything,https://www.instyle.com/fashion/accessories/ways-to-style-bucket-hats,
"5 TikTok Fashion Trends to Try, ASAP",https://www.instyle.com/fashion/tiktok-fashion-trends-interview,
'Vaccine Shirts' Are the New Going Out Tops,https://www.instyle.com/fashion/clothing/vaccine-cutout-cold-shoulder-shirts,
Underwear-Tops and Upside-Down Bikinis Are 2021's Weird Yet Viral Swimsuit Trends,https://www.instyle.com/fashion/clothing/best-swimsuit-trends-2021,
Jennifer Lopez's Go-To Brand For Basics Just Dropped the Coolest Spring Collection,https://www.instyle.com/fashion/clothing/the-range-fashion-interview,https://imagesvc.meredithcorp.io/v3/mm/image?url=https%3A%2F%2Fimagesvc.meredithcorp.io%2Fv3%2Fmm%2Fimage%3Furl%3Dhttps%253A%252F%252Fstatic.onecms.io%252Fwp-content%252Fuploads%252Fsites%252F14%252F2021%252F03%252F02%252Fthe-range-2.jpeg&w=426&h=285&q=85&c=tc&rect=78%2C236%2C760%2C691
"Hailee Steinfeld’s Frankies Bikini Collaboration Includes Sexy, Printed Swimsuits and So Many Matching Sets",https://www.instyle.com/fashion/clothing/frankies-bikinis-hailee-steinfeld-collaboration,https://imagesvc.meredithcorp.io/v3/mm/image?url=https%3A%2F%2Fimagesvc.meredithcorp.io%2Fv3%2Fmm%2Fimage%3Furl%3Dhttps%253A%252F%252Fstatic.onecms.io%252Fwp-content%252Fuploads%252Fsites%252F14%252F2021%252F03%252F02%252FFrankies-Bikinis-main-2000.jpg&w=426&h=285&q=85&c=tc&rect=200%2C241%2C1800%2C1307
It Took 300 Hours to Make Anya Taylor-Joy's Golden Globes Dress,https://www.instyle.com/awards-events/red-carpet/golden-globes/anya-taylor-joy-golden-globes-2021-dior-dress-300-hours,
Meghan Markle Wore a $30 Dress on FaceTime with Prince Harry,https://www.instyle.com/celebrity/meghan-markle/meghan-markle-affordable-velvet-torch-dress,
"Outer Banks' Madison Bailey, a Gen Z-er, Says It's OK to Wear Skinny Jeans",https://www.instyle.com/fashion/clothing/madison-bailey-american-eagle-campaign-fashion-interview,
"So, This Is What It's Like to Be a Runway Model Right Now",https://www.instyle.com/awards-events/fashion-week/alberta-ferretti-fall-2021-model-diary,
23 Up-and-Coming Fashion Brands Celebrity Stylists Are Loving Right Now,https://www.instyle.com/fashion/clothing/best-new-fashion-brands-according-to-celebrity-stylists,
Potato Brown Is the Flattering Color Trend That's Suddenly Everywhere,https://www.instyle.com/fashion/clothing/potato-brown-color-trend,
11 Outfits That Prove Dr. Martens Are Even More Versatile Than Your Go-To Sneakers,https://www.instyle.com/fashion/shoes/dr-martens-outfits,
These 7 Brilliant Tricks Are the Easiest Ways to Clean Suede Shoes,https://www.instyle.com/fashion/shoes/how-to-clean-suede-shoes,
Rory's Outfits On Gilmore Girls Are Bad — And That's Why I Love Them,https://www.instyle.com/fashion/clothing/gilmore-girls-style-rory-sweater-outfit,
11 Birthday Outfit Ideas That Are Guaranteed to Make Your Day Extra Special,https://www.instyle.com/fashion/clothing/birthday-outfit-ideas,
"From Bright Orange to Dusty Pink, These Are the Best Colors to Wear For Spring 2021",https://www.instyle.com/fashion/clothing/spring-2021-color-trends,
The Chunky Neck Is the Fall 2021 Fashion Trend You Can Start Wearing Now,https://www.instyle.com/awards-events/fashion-week/nyfw-trend-chunky-neck-collar-details,
Virtual Fashion Week Didn't Stop These 20 Style Icons From Wearing Their Best Outfits,https://www.instyle.com/awards-events/fashion-week/best-plus-size-street-style-fashion-week-outfits-february-2021,
The 12 Best Places to Buy Swimsuits in 2021,https://www.instyle.com/fashion/clothing/best-places-to-buy-swimsuits-2021,
"Wow, Cult Gaia's Spring 2021 Collection Just Made Us So Excited for Summer",https://www.instyle.com/fashion/clothing/cult-gaia-spring-2021-collection,
Julia Roberts’ ‘Ugly’ Shoes and Skirt Combo From Runaway Bride Still Confuses Me,https://www.instyle.com/celebrity/julia-roberts/julia-roberts-runaway-bride-fashion,
13 Fashion Trends You Definitely Aren't 'Too Old' to Wear,https://www.instyle.com/fashion/clothing/fashion-trends-not-too-old-to-wear,
I’m a Fashion Editor with a Closet Full of Shoes — But These Are My 8 Favorite Pairs,https://www.instyle.com/fashion/shoes/best-shoes-fashion-editors-picks,
It’s Impossible to Look at These Photos and Not Want an Oversized Rainbow Scarf,https://www.instyle.com/fashion/accessories/rainbow-scarf-fashion-trend,
The Pully Top Is the New Strange Fashion Trend Celebrities Can't Stop Wearing,https://www.instyle.com/fashion/pully-top-fashion-trend,
12 Fashion Tricks Emma Watson Has Been Pulling Since Her Harry Potter Days,https://www.instyle.com/celebrity/emma-watson/emma-watson-best-outfits-style-rules,
Celebrities Are Trying to Bring Back This Super Confusing '00s Leggings Trend,https://www.instyle.com/fashion/clothing/colorful-leggings-trend,
I Agree With Gen Z: Skinny Jeans Are Over,https://www.instyle.com/fashion/clothing/skinny-jeans-over-denim-trends,
This Under-$40 Tunic Doubles as a Sweater Dress,https://www.instyle.com/fashion/this-under-40-tunic-doubles-as-a-sweater-dress,https://imagesvc.meredithcorp.io/v3/mm/image?url=https%3A%2F%2Fimagesvc.meredithcorp.io%2Fv3%2Fmm%2Fimage%3Furl%3Dhttps%253A%252F%252Fstatic.onecms.io%252Fwp-content%252Fuploads%252Fsites%252F14%252F2021%252F02%252F05%252F020521_sweater_dress_lead-2000.jpg&w=426&h=285&q=85&c=tc&rect=18%2C0%2C1982%2C1309
"If You're 5'5 Or Under, You'll Want to Remember These 11 Petite Fashion Tips",https://www.instyle.com/fashion/clothing/petite-styling-shopping-fashion-tricks,https://imagesvc.meredithcorp.io/v3/mm/image?url=https%3A%2F%2Fimagesvc.meredithcorp.io%2Fv3%2Fmm%2Fimage%3Furl%3Dhttps%253A%252F%252Fstatic.onecms.io%252Fwp-content%252Fuploads%252Fsites%252F14%252F2021%252F04%252F08%252F040821_petite_lead.jpg&w=426&h=285&q=85&c=tc&rect=3%2C0%2C1797%2C1196
16 TikTok Fashion Influencers to Follow for Helpful Style Tips,https://www.instyle.com/fashion/best-tiktok-fashion-accounts-to-follow,
Zendaya's Cutout Dress in Malcolm & Marie Has a Pretty Complicated Backstory,https://www.instyle.com/reviews-coverage/movies/malcolm-and-marie-costumes-law-roach-fashion-interview,
I Finally Tried Cashmere Joggers and Unfortunately Can Never Wear Regular Sweatpants Again,https://www.instyle.com/fashion/clothing/quince-mongolian-cashmere-sweatpants,
"Oh Great, 'Work Pants' Are Back — But Thankfully, It’s Not What You Think",https://www.instyle.com/fashion/clothing/work-pants-trousers-slacks-fashion-trend,
"Everyone Is Racing to Target to Buy This Super Flattering, Viral TikTok Dress",https://www.instyle.com/fashion/clothing/tik-tok-target-viral-dress-wild-fable,
11 Black-Owned Lingerie Brands to Add to Your Underwear Drawer,https://www.instyle.com/fashion/clothing/black-owned-lingerie-brands,
Tory Burch Just Quietly Dropped a New Collection,https://www.instyle.com/fashion/tory-burch-t-monogram-collection-launch,
"Wait, So This Is How Everyone Is Styling Vests Now?",https://www.instyle.com/fashion/clothing/vests-leather-pants-outfit,
"12 Questionable Trends From 2011 That Are, Unfortunately, Back",https://www.instyle.com/fashion/clothing/questionable-2011-fashion-trends-2021,
Black Designers Are Rarely Featured in Top TV Shows and Movies — But That's About to Change,https://www.instyle.com/fashion/black-designer-database-tv-movie-costumes,
Fashion History Forgot the Black Women Who Invented Streetwear,https://www.instyle.com/fashion/clothing/state-of-the-arts-streetwear-history,
"I'm 5'0, and I Swear These Stores Sell the Best Jeans for Petites",https://www.instyle.com/fashion/clothing/best-petite-jeans-shopping,
Dr. Jill Biden's Inauguration Outfit Almost Looked Completely Different,https://www.instyle.com/fashion/markarian-jill-biden-inauguration-outfit-fashion-interview,
"Sarah Jessica Parker Has a Favorite Outfit, and It's a Very Unusual Combination",https://www.instyle.com/celebrity/sarah-jessica-parker/sarah-jessica-parker-baggy-jeans-boots,
Even Michelle Obama Is a Fan of This Intimidating (Yet Cool) Fashion Trick,https://www.instyle.com/fashion/accessories/how-to-wear-a-belt-style,
10 Sustainable Brands You Should be Shopping in 2021,https://www.instyle.com/fashion/clothing/sustainable-fashion-brands-2021,
Binge-Watching Love Island Convinced Me to Buy Lingerie from This Sexy UK Brand,https://www.instyle.com/fashion/clothing/love-island-lingerie-ann-summers,
We Just Noticed Something Interesting About Rihanna's Outfits,https://www.instyle.com/celebrity/rihanna/rihanna-style-rules,
"From a Secret Stash of Under-$100 Prada to 'Regencycore' Fashion, These Are the Best Things to Buy This Week",https://www.instyle.com/fashion/weekend-shopping-update-2021-01-22,
16 Sweater Outfits from TV and Movie History That Are Still So Freakin' Good,https://www.instyle.com/fashion/clothing/best-sweater-outfits-tv-movies,
Kamala Harris' Great-Nieces Adorably Recreated One of Her Childhood Outfits at the Inauguration,https://www.instyle.com/fashion/clothing/kamala-harris-great-nieces-pay-tribute-to-vice-president-coat,
Inaugural Poet Amanda Gorman Just Saved the Too-Short Life of the Puff Headband,https://www.instyle.com/fashion/accessories/amanda-gorman-inauguration-fashion-padded-headband,
We Can't Let Low-Rise Pants Come Back,https://www.instyle.com/fashion/clothing/low-rise-pants-cant-come-back,
Jodie Turner-Smith Found a Winter Coat That's Both Ridiculously Warm and Cute as Hell,https://www.instyle.com/celebrity/jodie-turner-smith-floral-gucci-coat,https://imagesvc.meredithcorp.io/v3/mm/image?url=https%3A%2F%2Fimagesvc.meredithcorp.io%2Fv3%2Fmm%2Fimage%3Furl%3Dhttps%253A%252F%252Fstatic.onecms.io%252Fwp-content%252Fuploads%252Fsites%252F14%252F2021%252F01%252F19%252F011921-jodie-turner-smith-gucci-northface-lead-2000.jpg&w=426&h=285&c=sc&poi=%5B543%2C440%5D&q=85&rect=106%2C240%2C1031%2C857
The 23 Best Bralettes for Nearly Every Cup Size,https://www.instyle.com/fashion/clothing/best-bralettes-for-every-cup-size,https://imagesvc.meredithcorp.io/v3/mm/image?url=https%3A%2F%2Fimagesvc.meredithcorp.io%2Fv3%2Fmm%2Fimage%3Furl%3Dhttps%253A%252F%252Fstatic.onecms.io%252Fwp-content%252Fuploads%252Fsites%252F14%252F2021%252F01%252F15%252Fbralette1-2000.jpg&w=426&h=285&q=85&c=tc&rect=494%2C166%2C1953%2C1138
11 Big 2021 Fashion Trends That Are Already in Your Closet,https://www.instyle.com/fashion/clothing/best-fashion-trends-2021-in-your-closet,
Naomi Osaka Is the New Global Brand Ambassador for Louis Vuitton,https://www.instyle.com/fashion/naomi-osaka-is-the-new-global-brand-ambassador-for-louis-vuitton,
"I’m On Etsy All the Time, and These Are My 15 Favorite Vintage Shops",https://www.instyle.com/fashion/clothing/fashion-editor-best-vintage-shops-etsy,
"Gigi Hadid's Coat Is Cool, But We're Distracted By Her $400 Legging-Pants",https://www.instyle.com/celebrity/gigi-hadid/gigi-hadid-slit-leggings-pants,
We Have to Ask: What's Going on at Prada and Bottega Veneta in 2021?,https://www.instyle.com/fashion/luxury-brands-social-media-existentialism,
"Puffers Look Really Different Lately, and I Like It",https://www.instyle.com/fashion/clothing/rainbow-color-blocked-puffer-coats,
15 Date Night Outfit Ideas You Can Still Wear at Home,https://www.instyle.com/fashion/clothing/date-night-outfit-ideas-for-any-occasion,
Jennifer Lopez and Kim Namjoon Agree: This '00s Trend Is Back,https://www.instyle.com/celebrity/celebrities-wearing-dior-bucket-hats,
Naomi Campbell and Jennifer Lopez Already Wore 2021's Hottest Bikini Brand,https://www.instyle.com/celebrity/best-celebrity-bikinis-melissa-odabash,
"I'm a Fashion Editor, and I've Been Buying This $13 Sweatshirt in Bulk For Years",https://www.instyle.com/fashion/clothing/best-sweatshirt-gildan,
"20 Non-Boring Denim Jackets For Every Occasion, Style, and Price Point",https://www.instyle.com/fashion/clothing/best-denim-jackets-2021,
This Denim Brand Has So Many Celebs Hooked — and Its End of Season Sale Can't Be Rivaled,https://www.instyle.com/fashion/clothing/mother-denim-end-of-season-sale,
"This Lilly Pulitzer Sale Is So Popular, Shoppers Caused the Site to Crash Last Year — and It's Finally Back",https://www.instyle.com/fashion/lilly-pulitzer-2021-lilly-online-sale,
There's a Reason Everyone Still Loves Dior,https://www.instyle.com/fashion/history-of-dior,
The 30 Best Fashion Moments of 2020,https://www.instyle.com/fashion/best-of-2020-fashion-styles,
"It's Time to Finally Clean Out Your Wardrobe With This Easy, Fail-Proof Method",https://www.instyle.com/fashion/clothing/closet-purge-ways-to-clean-out-your-wardrobe,
"My Hands Are Always Cold, But These 12 Pairs of Gloves and Mittens Are Super Warm",https://www.instyle.com/fashion/accessories/best-winter-gloves-and-mittens,
I Still Think These $50 Sneakers Are Cooler Than Any Expensive Shoe I've Owned,https://www.instyle.com/fashion/shoes/vans-slip-on-sneakers,
12 Faux Fur Coats and Jackets That Will Keep You Warm and On-Trend All Winter Long,https://www.instyle.com/fashion/clothing/best-faux-fur-coats-jackets-women,
11 Style Rules Miley Cyrus Has Been Following For Years,https://www.instyle.com/celebrity/miley-cyrus/miley-cyrus-best-outfits-style-rules,
Anya Taylor Joy Finally Made Her First Expensive Fashion Purchase — and Then Lost It,https://www.instyle.com/fashion/anya-taylor-joy-queens-gambit-fashion,
21 Celebrity Outfits That Perfectly Summed Up 2020,https://www.instyle.com/fashion/clothing/sweatshirts-clothes-that-summed-up-2020,
13 Ideas For How to Color Coordinate Your Closet and Keep Your Clothes Organized,https://www.instyle.com/fashion/color-coordinated-closet-ideas,
"Ok, We Just Realized Zoë Kravitz's Best Outfits Include the Same Subtle Detail",https://www.instyle.com/celebrity/zoe-kravitz/zoe-kravitz-green-outfit-details,https://imagesvc.meredithcorp.io/v3/mm/gif?url=https%3A%2F%2Fimagesvc.meredithcorp.io%2Fv3%2Fmm%2Fgif%3Furl%3Dhttps%253A%252F%252Fstatic.onecms.io%252Fwp-content%252Fuploads%252Fsites%252F14%252F2020%252F12%252F16%252F121620-zoe-kravitz-style-lead.gif&w=426&h=285&c=sc&poi=%5B960%2C533%5D&q=85&rect=0%2C0%2C1995%2C1330
8 Cashmere Sweaters You Won't Want to Take Off This Winter,https://www.instyle.com/fashion/best-cashmere-sweaters,https://imagesvc.meredithcorp.io/v3/mm/image?url=https%3A%2F%2Fimagesvc.meredithcorp.io%2Fv3%2Fmm%2Fimage%3Furl%3Dhttps%253A%252F%252Fstatic.onecms.io%252Fwp-content%252Fuploads%252Fsites%252F14%252F2020%252F12%252F08%252F120820-cashmere-sweaters-lead-2000.jpg&w=426&h=285&c=sc&poi=%5B980%2C639%5D&q=85&rect=252%2C0%2C1852%2C1066
This Sneaky Shirt Layering Trick Is Responsible For My Best Winter Outfits,https://www.instyle.com/fashion/clothing/winter-layering-sleeveless-turtleneck,
This Truly Questionable Early '00s Trend Is Back and Here to Stay,https://www.instyle.com/fashion/accessories/newsboy-caps-fashion-trend,
8 Winter Fashion Tips You'll Actually Want to Try in 2021,https://www.instyle.com/fashion/winter-fashion-tips-2021,
"Jennifer Garner Says This Denim Brand Is Her Favorite, and It’s on Sale at Nordstrom for $57",https://www.instyle.com/fashion/jennifer-garner-paige-denim-sale-nordstrom,
Katherine Heigl Wore the Cutest Outfits in This Disney Channel Original Movie,https://www.instyle.com/fashion/katherine-heigl-outfits-disney-channel-original-movie,
The Sweater Your Crush Wore in Middle School Is Cool Again,https://www.instyle.com/fashion/clothing/half-zip-sweater,
"I’m a Fashion Editor, and These Are the Under-$50 Finds I’m Gifting This Year",https://www.instyle.com/holidays-occasions/gift-guides/fashion-under-50-gift-ideas,
"I Swear These Super-Stretchy, $118 Jeans Gave Me the Butt of My Dreams",https://www.instyle.com/fashion/clothing/best-jeans-for-butt-mavi,
There's a Superstition About the Underwear You Wear On New Year's Eve,https://www.instyle.com/holidays-occasions/new-years-eve/new-years-eve-underwear-color-meaning,
There's a Superstition About the Underwear You Wear On New Year's Eve,https://www.instyle.com/holidays-occasions/new-years-eve/new-years-eve-underwear-color-meaning,
"The Top 4 Fashion Trends Worth Following in 2021, According to Celebrity Stylists",https://www.instyle.com/fashion/2021-best-fashion-trends-celebrity-stylists,
"We’ve Fallen in Love With ‘Grandma Coats,’ Winter's Viral Fashion Trend",https://www.instyle.com/fashion/clothing/quilted-coats,
Emily Ratajkowski Is Really Loving Her Pregnancy Crop Tops,https://www.instyle.com/fashion/clothing/emily-ratajkowski-pregnancy-crop-tops,
Taylor Swift's $30 Tights Reminded Me of Winter's Most Brilliant Fashion Trick,https://www.instyle.com/celebrity/taylor-swift/taylor-swift-plaid-tights,
14 Sweater Dress Outfits That Aren't as Basic as They Sound,https://www.instyle.com/fashion/clothing/sweater-dress-outfits,
This Phillip Lim Sequin Dress Is Made Out of Seaweed,https://www.instyle.com/fashion/phillip-lim-seaweed-sequin-dress,
Selena Gomez Matched Her Blanket to Her Loungewear Like a 2020 Fashion Queen,https://www.instyle.com/celebrity/selena-gomez/selena-gomez-outfits-only-murders-in-the-building,
I Live in New York and My Warmest Winter Sweaters Are from This Inexpensive Store,https://www.instyle.com/fashion/clothing/best-winter-sweaters-other-stories,
13 New Year's Eve Outfit Ideas to Help You Celebrate the Start of 2021,https://www.instyle.com/fashion/clothing/new-years-outfit-ideas,
"Kendall Jenner Apparently Loves This 'Grandpa' Outfit So Much, She Wore It Twice",https://www.instyle.com/celebrity/kendall-jenner/kendall-jenner-grandpa-outfit-repeat,
"Jennifer Lopez Might Be Sending Us a Message Through Her Favorite, Fun Accessory",https://www.instyle.com/look-of-the-day/2020-12-04,
Bella Hadid's Go-To Party Dress Isn't What You'd Expect,https://www.instyle.com/celebrity/bella-hadid/bella-hadid-michael-kors-holiday,
Victoria Beckham Designed a Fancy Pair of Leggings That Can Actually Pass as Pants,https://www.instyle.com/fashion/clothing/victoria-beckham-reebok-knit-leggings,
Chanel Wants You to Wear Footless Tights Under Your Skirt Like It's 2006,https://www.instyle.com/fashion/runway/chanel-leggings-footless-tights-le-chateau-des-sames-2021,https://imagesvc.meredithcorp.io/v3/mm/image?url=https%3A%2F%2Fimagesvc.meredithcorp.io%2Fv3%2Fmm%2Fimage%3Furl%3Dhttps%253A%252F%252Fstatic.onecms.io%252Fwp-content%252Fuploads%252Fsites%252F14%252F2020%252F12%252F03%252FFootless-Tights-lead-2000.jpg&w=426&h=285&q=85&c=tc
Irina Shayk's Bag Looks Like It's Slowly Morphing Into a Sneaker,https://www.instyle.com/fashion/accessories/irina-shayk-sneaker-bag,https://imagesvc.meredithcorp.io/v3/mm/image?url=https%3A%2F%2Fimagesvc.meredithcorp.io%2Fv3%2Fmm%2Fimage%3Furl%3Dhttps%253A%252F%252Fstatic.onecms.io%252Fwp-content%252Fuploads%252Fsites%252F14%252F2020%252F12%252F03%252Firina-shayk-1-2000.jpg&w=426&h=285&q=85&c=tc&rect=169%2C314%2C1235%2C1025
5 Timeless Fashion Lessons We Learned from Selena,https://www.instyle.com/fashion/clothing/selena-quintanilla-fashion-style-lessons,
12 Dog Sweaters That Have Human Counterparts So You Can Match Your Pet,https://www.instyle.com/fashion/clothing/matching-dog-human-sweaters,
My Hunt for the Perfect Black Turtleneck Ended When I Discovered This Bodysuit,https://www.instyle.com/fashion/clothing/spanx-black-friday-cyber-monday-sale-turtleneck-bodysuit,
Everything You've Ever Wanted to Know About Fendi's Fascinating History,https://www.instyle.com/fashion/history-of-fendi,
I’m 5’0 and I Swear These Three Simple Shoe Tricks Make Me Look Taller,https://www.instyle.com/fashion/clothing/petite-styling-tricks-shoes,
The Best Coats From The Undoing Fortunately Have Affordable Alternatives,https://www.instyle.com/fashion/clothing/the-undoing-coats-where-to-shop,
4 Outfits From Holiday Movies That Are Totally Worth Copying This Year,https://www.instyle.com/fashion/clothing/holiday-movies-outfits,
The World Finally Discovered Victoria Beckham's Fancy Leggings Trick,https://www.instyle.com/fashion/clothing/victoria-beckham-fancy-leggings-trick,
"I Promise You, Ugg Boots Actually Look Cute as Hell with Skirts and Dresses",https://www.instyle.com/fashion/shoes/how-to-style-uggs-skirt-dresses,
Hailey Bieber Sneakily Recreated Her Iconic Halloween Costume For Her Birthday,https://www.instyle.com/celebrity/hailey-baldwin/hailey-bieber-sandy-grease-latex-leggings,
Megan Thee Stallion's Dominatrix Bodystocking Is an Unexpected Wardrobe Staple,https://www.instyle.com/fashion/clothing/megan-thee-stallion-bodystocking,
I'm Still Going to Wear These 4 Kinda-Outrageous Holiday Party Outfits at Home,https://www.instyle.com/fashion/clothing/holiday-party-outfits,
22 Pairs of Holiday Pajamas That You Won't Feel Weird Wearing All Winter Long,https://www.instyle.com/fashion/clothing/holiday-pajamas,
7 Holiday Accessories You Can Officially Start Wearing Today,https://www.instyle.com/fashion/accessories/holiday-accessories-earrings-socks,
Kylie Jenner and Hailey Bieber Aren't Giving Up On This Super Sexy '00s Trend,https://www.instyle.com/fashion/clothing/pvc-latex-pants-trend,
'GucciFest' Is Here — and We've Got Your Ultimate Viewing Guide,https://www.instyle.com/fashion/what-is-guccifest-how-to-watch,
Emma Roberts Has Been Wearing the Same Coat Since 2012 — and It Even Pops Up in Holidate,https://www.instyle.com/celebrity/emma-roberts/emma-roberts-leopard-coat-outfits,
Sandra Bullock's Gray Sweater From While You Were Sleeping Is the Best Part of That Movie,https://www.instyle.com/fashion/clothing/sandra-bullock-while-you-were-sleeping-sweaters,
Don't Be Surprised When Celebrities Start Wearing These 'Chaotic' '80s-Inspired Coats,https://www.instyle.com/fashion/clothing/karla-welch-eddie-bauer-outerwear-collaboration,
"I Bought Instagram’s Viral White Boots, and Now I Wear Them With Everything",https://www.instyle.com/fashion/shoes/dr-martens-2976-platform-chelsea-boot-white,
The Outfits On the New Gossip Girl Look So Familiar — Because Jenny Already Wore Them,https://www.instyle.com/reviews-coverage/tv-shows/gossip-girl-spin-off-outfits-jenny-humphrey,
Freaky's Kathryn Newton Accidentally Cut Up a Museum-Worthy Chanel Suit,https://www.instyle.com/celebrity/kathryn-newton-freaky-movie-fashion-interview,
"My Legs Hate Jeans, But This Cool Leopard Pair Is Weirdly Comfy",https://www.instyle.com/fashion/clothing/paige-leopard-jeans-outfits,
Sarah Jessica Parker Wore the Denim Brand That’s About to Blow Up,https://www.instyle.com/fashion/sarah-jessica-parker-etica-denim-nordstrom,https://imagesvc.meredithcorp.io/v3/mm/image?url=https%3A%2F%2Fimagesvc.meredithcorp.io%2Fv3%2Fmm%2Fimage%3Furl%3Dhttps%253A%252F%252Fstatic.onecms.io%252Fwp-content%252Fuploads%252Fsites%252F14%252F2020%252F11%252F10%252F111020_sjp_lead-2000.jpg&w=426&h=285&q=85&c=tc&rect=64%2C78%2C1522%2C1049
"Brace Yourself, Because Butt Fashion Is Back",https://www.instyle.com/fashion/clothing/butt-fashion-trend-g-string-graphic-printed-pants,https://imagesvc.meredithcorp.io/v3/mm/image?url=https%3A%2F%2Fimagesvc.meredithcorp.io%2Fv3%2Fmm%2Fimage%3Furl%3Dhttps%253A%252F%252Fstatic.onecms.io%252Fwp-content%252Fuploads%252Fsites%252F14%252F2021%252F07%252F02%252F070221_butt_fashion_lead.jpg&w=426&h=285&q=85&c=tc&rect=0%2C162%2C1342%2C1056
6 Quick Gift Ideas for the Badass Who Has Everything,https://www.instyle.com/holidays-occasions/gift-guides/instyle-badass-collaborations-gift-guide,
Every Major Celebrity Is Weirdly Wearing the Same Outfit Right Now,https://www.instyle.com/fashion/clothing/celerity-sweatsuits-matching-outfits,
"All the Vests On Sister, Sister Were Outrageously Good",https://www.instyle.com/reviews-coverage/tv-shows/sister-sister-tv-show-fashion-vests,
"Halloween Is Over, But Spain's Queen Letizia Is Still Wearing Witch Boots",https://www.instyle.com/celebrity/queen-letizia/queen-letizia-pointy-black-boots-plaid-pants,
Sarah Jessica Parker Has Been Pulling This Brilliant Jeans Trick Since the '80s,https://www.instyle.com/fashion/clothing/sarah-jessica-parker-jeans,
Gabrielle Union Is the Latest Celebrity to Revive This Y2K Shoe Trend,https://www.instyle.com/celebrity/gabrielle-union-ugg-disco-slide-slippers,
Everyone Is Breaking the Rules and Still Wearing This Summer Color,https://www.instyle.com/fashion/clothing/hot-pink-outfits,
9 Staycation Outfit Ideas That Will Make You Feel Like You're Actually On Vacation,https://www.instyle.com/fashion/clothing/staycation-outfit-ideas,
We Just Realized Something About Jennifer Lopez's Quarantine Outfits,https://www.instyle.com/celebrity/jennifer-lopez/jennifer-lopez-quarantine-outfits,
8 Creative Layering Techniques That Will Make Your Winter Outfits Cute as Hell,https://www.instyle.com/how-tos/how-to-layer-clothes,
"Lorde Just Made Her First Public Appearance in 18 Months, and We Found the Exact Dress She Wore",https://www.instyle.com/celebrity/lorde-realisation-par-the-alba-rosalita-dress,
8 Types of Jackets and Coats That Will Make Your Life So Much Easier,https://www.instyle.com/fashion/clothing/best-types-of-jackets-coats-for-women,
Fleece-Lined Pants Are the Only Pants Worth Wearing This Winter,https://www.instyle.com/fashion/clothing/best-fleece-lined-pants,
"11 Stretchy, Comfy, and Cute Thanksgiving Outfits to Wear This Year",https://www.instyle.com/holidays-occasions/thanksgiving/cute-thanksgiving-outfits,
"Yes, It's Possible For Raincoats to Be Both Practical and Cute",https://www.instyle.com/fashion/clothing/best-raincoats-for-women,
"Somehow, the Insanely Sexy Celebrity Bracket Trend Is Still Alive and Thriving",https://www.instyle.com/fashion/clothing/bra-jacket-cardigan-fashion-trend,
16 Celebrity-Approved Tricks For Looking Cute In Impossibly Cold Weather,https://www.instyle.com/fashion/street-style/winter-street-style,
I’ve Lived in New York My Whole Life and These Are the Only Coats That Keep Me Warm,https://www.instyle.com/fashion/clothing/warmest-winter-coats-for-women,
Princess Diana’s Most Iconic Outfits All Included the Color Red,https://www.instyle.com/celebrity/princess-diana/princess-diana-best-red-outfits,
This Random Schoolcore Trend Has Produced Instagram’s Most Popular Outfit,https://www.instyle.com/fashion/clothing/pleated-skirt-sweatshirt-schoolcore-soft-girl-fashion-trend,
7 Hat Trends Worth Investing In This Fall and Winter,https://www.instyle.com/fashion/accessories/best-fall-winter-hats,
"So, There's Actually a Reason Why Witches Wear Pointed Hats and Fly On Brooms",https://www.instyle.com/fashion/clothing/witch-outfit-history-theories,
Harry Styles Randomly Wore the Same T-Shirt as Rachel Green From Friends,https://www.instyle.com/celebrity/harry-styles/harry-styles-rachel-green-friends-shirt,
"Apologies in Advance, But Holes Are the New Polka-Dots",https://www.instyle.com/fashion/clothing/holes-cutout-clothing-fashion-trend,https://imagesvc.meredithcorp.io/v3/mm/image?url=https%3A%2F%2Fimagesvc.meredithcorp.io%2Fv3%2Fmm%2Fimage%3Furl%3Dhttps%253A%252F%252Fstatic.onecms.io%252Fwp-content%252Fuploads%252Fsites%252F14%252F2020%252F10%252F19%252F101920_future_of_fashion_holes_lead1-2000.jpg&w=426&h=285&q=85&c=tc&rect=0%2C0%2C2000%2C1333
Of Course Sarah Jessica Parker Paired a Purple Blanket Dress With Bright Pink Heels,https://www.instyle.com/look-of-the-day/2020-10-16,https://imagesvc.meredithcorp.io/v3/mm/image?url=https%3A%2F%2Fimagesvc.meredithcorp.io%2Fv3%2Fmm%2Fimage%3Furl%3Dhttps%253A%252F%252Fstatic.onecms.io%252Fwp-content%252Fuploads%252Fsites%252F14%252F2020%252F10%252F16%252F101620-lotd-sarah-jessica-parker-lead-2000.jpg&w=426&h=285&c=sc&poi=%5B639%2C360%5D&q=85&rect=248%2C218%2C959%2C692
"Kelly Rowland Says She Wants to Dress ""Sexier"" During Her Second Pregnancy",https://www.instyle.com/celebrity/kelly-rowland/kelly-rowland-justfab,
This Meghan-Markle-Loved Designer Is About to Change the Entire Fashion Industry,https://www.instyle.com/fashion/in-the-blk-victor-glemaud,
Netflix and Panic Is the New Netflix and Chill,https://www.instyle.com/lifestyle/mask-anxiety-tv-netflix-and-panic,
Jennifer Lopez Just Pulled the Fashion Move You Loved in Middle School,https://www.instyle.com/look-of-the-day/2020-10-14,
"Well, It Looks Like Kate Middleton Is Trying to Bring Back a Popular '80s Trend",https://www.instyle.com/celebrity/kate-middleton/kate-middleton-black-suit-blazer-natural-history-museum,
2020's Highly-Debated Outfit Trick Is Actually Extremely Popular,https://www.instyle.com/fashion/clothing/matching-face-mask-outfits,
Dua Lipa Gave This 2000s Emo Kid Outfit a 2020 Upgrade,https://www.instyle.com/look-of-the-day/2020-10-12,
14 Last-Minute Halloween Costumes You Can Make With Your Own Clothes,https://www.instyle.com/holidays-occasions/halloween/last-minute-halloween-costumes,
So Many Celebrities Have Worn the Exact Same Outfit This Week,https://www.instyle.com/celebrity/so-many-celebrities-have-worn-the-exact-same-outfit-this-week,
This Classic Fall Color Weirdly Looks Good On Everyone,https://www.instyle.com/fashion/clothing/burgundy-outfits,
The Poet Blouse Is the Spring 2021 Trend Worth Shopping Now,https://www.instyle.com/fashion/clothing/best-fashion-trends-spring-2021,
Irina Shayk Pushed a Stroller Around New York City in a Robe and Knee-High Boots,https://www.instyle.com/look-of-the-day/2020-10-05,
6 Unexpected Ways to Style a Leather Jacket For Fall 2020,https://www.instyle.com/fashion/clothing/leather-jacket-outfits,
Emily Ratajkowski Still Wears This $5 Thrift Store Find She Bought When She Was 17,https://www.instyle.com/celebrity/emily-ratajkowski/emily-ratajkowski-nasty-gal-2020-interview,
Both Emily in Paris and Sex and the City Rely on This Fun Fashion Trick,https://www.instyle.com/fashion/clothing/emily-in-paris-outfits-costume-designer-patricia-field-interview,
"7 Wild, Questionable, But Super Sexy Trends From Rihanna's Savage x Fenty Show",https://www.instyle.com/fashion/clothing/rihanna-savage-x-fenty-show-trends-amazon-prime-2020,
9 Outfits That Prove Ankle Boots Go With Everything,https://www.instyle.com/fashion/shoes/how-to-wear-ankle-boots,
22 Celebrity Outfits That Actually Make the Best Halloween Costumes,https://www.instyle.com/holidays-occasions/halloween/celebrity-halloween-costumes-ideas,
"So, White Supremacists Ruined Another Shirt",https://www.instyle.com/fashion/clothing/fred-perry-proud-boys-polo,
18 Celebrity Outfits From the Year 2000 We Would Still Wear Today,https://www.instyle.com/fashion/clothing/best-celebrity-outfits-2000-aughts-style,
The World’s Best-Dressed People All Love This Easy Fall Fashion Trick,https://www.instyle.com/fashion/accessories/hats-style-outfit-ideas,
This Popular Supermodel Trend Is on Its Way to Replacing Leather Jackets,https://www.instyle.com/fashion/supermodels-leather-blazer-trend,
Jennifer Aniston's Famous Coat From 2006 Is Getting a Major Fashion Update,https://www.instyle.com/fashion/clothing/north-face-gucci-coat-collaboration,
"Girlfriend Collective’s New Fleece Loungewear Is So Cozy, You’ll Never Want to Take It Off",https://www.instyle.com/fashion/clothing/girlfriend-collective-fleece-sweatsuits,https://imagesvc.meredithcorp.io/v3/mm/image?url=https%3A%2F%2Fimagesvc.meredithcorp.io%2Fv3%2Fmm%2Fimage%3Furl%3Dhttps%253A%252F%252Fstatic.onecms.io%252Fwp-content%252Fuploads%252Fsites%252F14%252F2020%252F09%252F24%252F092420_girlfriend_sweatsuits_lead-2000.jpg&w=426&h=285&q=85&c=tc&rect=0%2C0%2C2000%2C1333
12 Sweater Weather Outfits That Look So Freakin’ Cozy,https://www.instyle.com/fashion/clothing/sweater-outfits,https://imagesvc.meredithcorp.io/v3/mm/image?url=https%3A%2F%2Fimagesvc.meredithcorp.io%2Fv3%2Fmm%2Fimage%3Furl%3Dhttps%253A%252F%252Fstatic.onecms.io%252Fwp-content%252Fuploads%252Fsites%252F14%252F2020%252F09%252F23%252Fsweater-outfit-lead-2000.jpg&w=426&h=285&q=85&c=tc&rect=321%2C172%2C1921%2C1238
The Internet-Famous 'Nap Dress' Just Received a Fall Update,https://www.instyle.com/fashion/clothing/hill-house-home-nap-dress-shop,
Jennifer Aniston Has Been Wearing This One Sexy Wardrobe Staple to Award Shows for Years,https://www.instyle.com/fashion/clothing/jennifer-aniston-black-slipdress-award-shows,
29 Street Style Looks You *Almost* Missed at Fashion Week,https://www.instyle.com/fashion/street-style/fashion-week-street-style-plus-size-outfits-2020,
Kate Middleton Just Wore the Fall 2020 Version of Princess Diana's Famous Pants,https://www.instyle.com/celebrity/kate-middleton/kate-middleton-pink-pants-princess-diana,
"This Cool-Girl Brand Made the Most Popular Boots of 2020, and Now You Can Shop It on Amazon",https://www.instyle.com/fashion/simon-miller-amazon,
"Regina King's Emmys Dress Looks Like a Giant, Fancy, Jeweled Pillow",https://www.instyle.com/awards-events/red-carpet/emmys/regina-king-emmys-schiaperelli-couture-dress-pillow,
"From Rare Designer Goods at Nordstrom Rack to Jill Biden's Viral Boots, These Are the Best Things to Buy This Weekend",https://www.instyle.com/shopping/weekend-shopping-roundup-2020-09-18,
7 Ways to Mix Prints Like a Pro,https://www.instyle.com/fashion/clothing/tips-for-how-to-mix-prints-in-fashion,
The New Life of Lanvin,https://www.instyle.com/fashion/lanvin-bruno-sialelli,
I’ve Replaced My Sweats With This Fancy Yet Lazy Pants Trend,https://www.instyle.com/fashion/clothing/plisse-pants-pleated-trend,
"Even Tommy Hilfiger Is Over ""Trend-Chasing""",https://www.instyle.com/awards-events/fashion-week/tommy-hilfiger-jasmine-sanders-future-fashion-week,
"Yes, Naomi Osaka Just Released a Fashion Collaboration, Too",https://www.instyle.com/fashion/naomi-osaka-fashion-adeam-collaboration-shop,
Traditional Runway Shows May Not Be the Answer to the Future of Fashion,https://www.instyle.com/awards-events/fashion-week/fashion-week-shows-necessary-digital,
Saoirse Ronan's Outfit Will Have You Convinced We're Back in 2010,https://www.instyle.com/fashion/clothing/saoirse-ronan-denim-skirt-tights-outfit,
Kim Kardashian Responded to Backlash Over Her Skims Maternity Collection,https://www.instyle.com/celebrity/kim-kardashian-skims-maternity-collection-backlash,
Ozark’s Julia Garner's Favorite Dress Cost Her $12 in 2009,https://www.instyle.com/fashion/clothing/julia-garner-ozark-razr-fashion-interview,
Melissa McCarthy Is Bringing Back a Very '00s Trend With Her New Collab,https://www.instyle.com/fashion/clare-v-melissa-mccarthy-collaboration,
21 Plus-Size Costumes You Can Easily DIY This Halloween,https://www.instyle.com/fashion/clothing/plus-size-halloween-costumes,
3 Summer Staples That Will Make Fall Outfits Even Better,https://www.instyle.com/fashion/clothing/how-to-wear-summer-clothes-fall,
Celebrity Stylist Micaela Erlanger’s New Fashion Line Goes Up to Size 36,https://www.instyle.com/fashion/clothing/stylist-micaela-erlanger-qvc-collection-size-inclusive,
11 Flannel Outfits That'll Actually Make You Excited For Fall,https://www.instyle.com/fashion/clothing/how-to-wear-flannel,
Stella McCartney Says There Are Two Key Essentials to Add to Your Fall Workout Wardrobe,https://www.instyle.com/fashion/stella-mccartney-adidas-fall-winter-2020-collection,
"13 Outfits to Wear On Those Weird, In-Between, 60-Degree Days",https://www.instyle.com/fashion/clothing/what-to-wear-60-degree-weather-outfits,
