Blog Title,Blog Date,Author Name,Thumbnail Credit,Blog Link,Author Profile Link,Thumbnail Link
FASHION,,,,https://www.purewow.com/,,https://d3d127vhjgkwcw.cloudfront.net/uploaded_image/placeholder-small-transparent.png
FASHION,,,,https://www.purewow.com/,,https://d3d127vhjgkwcw.cloudfront.net/uploaded_image/placeholder-small-transparent.png
FASHION,,,,https://www.purewow.com/,,https://d3d127vhjgkwcw.cloudfront.net/uploaded_image/placeholder-small-transparent.png
FASHION,,,,https://www.purewow.com/,,https://d3d127vhjgkwcw.cloudfront.net/uploaded_image/placeholder-small-transparent.png
FASHION,,,,https://www.purewow.com/,,https://d3d127vhjgkwcw.cloudfront.net/uploaded_image/placeholder-small-transparent.png
FASHION,,,,https://www.purewow.com/,,https://d3d127vhjgkwcw.cloudfront.net/uploaded_image/placeholder-small-transparent.png
,,,,https://www.purewow.com/,,https://d3d127vhjgkwcw.cloudfront.net/uploaded_image/placeholder-small-transparent.png
,,,,https://www.purewow.com/,,https://d3d127vhjgkwcw.cloudfront.net/uploaded_image/placeholder-small-transparent.png
,,,,https://www.purewow.com/,,https://d3d127vhjgkwcw.cloudfront.net/uploaded_image/placeholder-small-transparent.png
,,,,https://www.purewow.com/,,https://d3d127vhjgkwcw.cloudfront.net/uploaded_image/placeholder-small-transparent.png
,,,,https://www.purewow.com/,,https://d3d127vhjgkwcw.cloudfront.net/uploaded_image/placeholder-small-transparent.png
,,,,https://www.purewow.com/,,https://d3d127vhjgkwcw.cloudfront.net/uploaded_image/placeholder-small-transparent.png
,,,,https://www.purewow.com/,,https://d3d127vhjgkwcw.cloudfront.net/uploaded_image/placeholder-small-transparent.png
,,,,https://www.purewow.com/,,https://d3d127vhjgkwcw.cloudfront.net/uploaded_image/placeholder-small-transparent.png
,,,,https://www.purewow.com/,,https://d3d127vhjgkwcw.cloudfront.net/uploaded_image/placeholder-small-transparent.png
,,,,https://www.purewow.com/,,https://d3d127vhjgkwcw.cloudfront.net/uploaded_image/placeholder-small-transparent.png
,,,,https://www.purewow.com/,,https://d3d127vhjgkwcw.cloudfront.net/uploaded_image/placeholder-small-transparent.png
,,,,https://www.purewow.com/,,https://d3d127vhjgkwcw.cloudfront.net/uploaded_image/placeholder-small-transparent.png
,,,,https://www.purewow.com/,,https://d3d127vhjgkwcw.cloudfront.net/uploaded_image/placeholder-small-transparent.png
,,,,https://www.purewow.com/,,https://d3d127vhjgkwcw.cloudfront.net/uploaded_image/placeholder-small-transparent.png
,,,,https://www.purewow.com/,,https://d3d127vhjgkwcw.cloudfront.net/uploaded_image/placeholder-small-transparent.png
,,,,https://www.purewow.com/,,https://d3d127vhjgkwcw.cloudfront.net/uploaded_image/placeholder-small-transparent.png
,,,,https://www.purewow.com/,,https://d3d127vhjgkwcw.cloudfront.net/uploaded_image/placeholder-small-transparent.png
,,,,https://www.purewow.com/,,https://d3d127vhjgkwcw.cloudfront.net/uploaded_image/placeholder-small-transparent.png
,,,,https://www.purewow.com/,,https://d3d127vhjgkwcw.cloudfront.net/uploaded_image/placeholder-small-transparent.png
,,,,https://www.purewow.com/,,https://d3d127vhjgkwcw.cloudfront.net/uploaded_image/placeholder-small-transparent.png
,,,,https://www.purewow.com/,,https://d3d127vhjgkwcw.cloudfront.net/uploaded_image/placeholder-small-transparent.png
,,,,https://www.purewow.com/,,https://d3d127vhjgkwcw.cloudfront.net/uploaded_image/placeholder-small-transparent.png
,,,,https://www.purewow.com/,,https://d3d127vhjgkwcw.cloudfront.net/uploaded_image/placeholder-small-transparent.png
,,,,https://www.purewow.com/,,https://d3d127vhjgkwcw.cloudfront.net/uploaded_image/placeholder-small-transparent.png
,,,,https://www.purewow.com/,,https://d3d127vhjgkwcw.cloudfront.net/uploaded_image/placeholder-small-transparent.png
,,,,https://www.purewow.com/,,https://d3d127vhjgkwcw.cloudfront.net/uploaded_image/placeholder-small-transparent.png
,,,,https://www.purewow.com/,,https://d3d127vhjgkwcw.cloudfront.net/uploaded_image/placeholder-small-transparent.png
,,,,https://www.purewow.com/,,https://d3d127vhjgkwcw.cloudfront.net/uploaded_image/placeholder-small-transparent.png
,,,,https://www.purewow.com/,,https://d3d127vhjgkwcw.cloudfront.net/uploaded_image/placeholder-small-transparent.png
,,,,https://www.purewow.com/,,https://d3d127vhjgkwcw.cloudfront.net/uploaded_image/placeholder-small-transparent.png
,,,,https://www.purewow.com/,,https://d3d127vhjgkwcw.cloudfront.net/uploaded_image/placeholder-small-transparent.png
,,,,https://www.purewow.com/,,https://d3d127vhjgkwcw.cloudfront.net/uploaded_image/placeholder-small-transparent.png
,,,,https://www.purewow.com/,,https://d3d127vhjgkwcw.cloudfront.net/uploaded_image/placeholder-small-transparent.png
,,,,https://www.purewow.com/,,https://d3d127vhjgkwcw.cloudfront.net/uploaded_image/placeholder-small-transparent.png
,,,,https://www.purewow.com/,,https://d3d127vhjgkwcw.cloudfront.net/uploaded_image/placeholder-small-transparent.png
,,,,https://www.purewow.com/,,https://d3d127vhjgkwcw.cloudfront.net/uploaded_image/placeholder-small-transparent.png
,,,,https://www.purewow.com/,,https://d3d127vhjgkwcw.cloudfront.net/uploaded_image/placeholder-small-transparent.png
,,,,https://www.purewow.com/,,https://d3d127vhjgkwcw.cloudfront.net/uploaded_image/placeholder-small-transparent.png
,,,,https://www.purewow.com/,,https://d3d127vhjgkwcw.cloudfront.net/uploaded_image/placeholder-small-transparent.png
,,,,https://www.purewow.com/,,https://d3d127vhjgkwcw.cloudfront.net/uploaded_image/placeholder-small-transparent.png
,,,,https://www.purewow.com/,,https://d3d127vhjgkwcw.cloudfront.net/uploaded_image/placeholder-small-transparent.png
,,,,https://www.purewow.com/,,https://d3d127vhjgkwcw.cloudfront.net/uploaded_image/placeholder-small-transparent.png
,,,,https://www.purewow.com/,,https://d3d127vhjgkwcw.cloudfront.net/uploaded_image/placeholder-small-transparent.png
,,,,https://www.purewow.com/,,https://d3d127vhjgkwcw.cloudfront.net/uploaded_image/placeholder-small-transparent.png
,,,,https://www.purewow.com/,,https://d3d127vhjgkwcw.cloudfront.net/uploaded_image/placeholder-small-transparent.png
,,,,https://www.purewow.com/,,https://d3d127vhjgkwcw.cloudfront.net/uploaded_image/placeholder-small-transparent.png
,,,,https://www.purewow.com/,,https://d3d127vhjgkwcw.cloudfront.net/uploaded_image/placeholder-small-transparent.png
,,,,https://www.purewow.com/,,https://d3d127vhjgkwcw.cloudfront.net/uploaded_image/placeholder-small-transparent.png
,,,,https://www.purewow.com/,,https://d3d127vhjgkwcw.cloudfront.net/uploaded_image/placeholder-small-transparent.png
,,,,https://www.purewow.com/,,https://d3d127vhjgkwcw.cloudfront.net/uploaded_image/placeholder-small-transparent.png
,,,,https://www.purewow.com/,,https://d3d127vhjgkwcw.cloudfront.net/uploaded_image/placeholder-small-transparent.png
,,,,https://www.purewow.com/,,https://d3d127vhjgkwcw.cloudfront.net/uploaded_image/placeholder-small-transparent.png
,,,,https://www.purewow.com/,,https://d3d127vhjgkwcw.cloudfront.net/uploaded_image/placeholder-small-transparent.png
,,,,https://www.purewow.com/,,https://d3d127vhjgkwcw.cloudfront.net/uploaded_image/placeholder-small-transparent.png
,,,,https://www.purewow.com/,,https://d3d127vhjgkwcw.cloudfront.net/uploaded_image/placeholder-small-transparent.png
,,,,https://www.purewow.com/,,https://d3d127vhjgkwcw.cloudfront.net/uploaded_image/placeholder-small-transparent.png
,,,,https://www.purewow.com/,,https://d3d127vhjgkwcw.cloudfront.net/uploaded_image/placeholder-small-transparent.png
,,,,https://www.purewow.com/,,https://d3d127vhjgkwcw.cloudfront.net/uploaded_image/placeholder-small-transparent.png
