Features,Specifications
Sleeve Length,three quarter length sleeve
Body,unlined bottom
Body,lined top
Type,fit and flare
Neckline,deep v neck
Neckline,off the shoulder
Neckline,peter pan collar
Material,recycled cotton blends
Material,organic cotton blends
Material,recycled polyester blends
Details,paper bag waist
Details,contrast faux fur
Color,black and white
Color,blue and white
Color,red and white
Pattern Type,all over print
Pattern Type,pop art print
Sleeve Type,roll up sleeve
Chest pad,non removable padding
Features,soft & lightweight
Number of Pieces,3 piece set
Number of Pieces,2 piece set
Bottom Type,track shorts
Bottom Type,biker shorts
Top Type,women tops
Type,biker shorts
Type,wide leg
Type,flare leg
Type,straight leg
Type,cargo pants
Type,track shorts
Type,a line
Type,mom fit
Type,boyfriend fit
Type,basic tops
Type,pea coat
Type,zip up
Type,half placket
Type,wide strap
Type,push up
Type,trench coat
Type,faux fur
Neckline,round neck
Neckline,scoop neck
Neckline,stand collar
Neckline,spaghetti strap
Neckline,one shoulder
Neckline,v neck
Neckline,high neck
Neckline,baseball collar
Neckline,square neck
Neckline,asymmetrical neck
Neckline,keyhole neckline
Neckline,tie neck
Neckline,cold shoulder
Neckline,cowl neck
Neckline,funnel neck
Neckline,shawl collar
Neckline,boat neck
Neckline,sailor collar
Neckline,mandarin collar
Material,cotton blends
Material,pu leather
Material,wool-like fabric
Material,recycle polyester
Material,recycled polyester
Material,lenzing™ viscose
Material,faux fur
Material,bamboo fiber
Material,guipure lace
Material,tencel™ modal
Material,recycled cotton
Material,acetic acid
Material,tencel™ lyocell
Material,coral fleece
Material,mulberry silk
Material,embroidery mesh
Length,knee length
Fit Type,regular fit
Fit Type,slim fit
Placket,single breasted
Placket,single button
Placket,double breasted
Placket Type,half placket
Pockets,fake pockets
Details,button front
Details,contrast lace
Details,tiered layer
Details,tie front
Details,ruffle hem
Details,lace up
Details,pom pom
Details,cut out
Details,lettuce trim
Details,contrast mesh
Details,tie back
Details,contrast binding
Details,contrast sequin
Details,raw hem
Details,grommet eyelet
Details,double button
Details,split thigh
Details,ruched bust
Details,criss cross
Details,contrast collar
Details,high low
Details,eyelet embroidery
Details,fake drawstring
Details,raw wash
Details,cat's whiskers
Details,big bow
Details,fake pockets
Details,exaggerated ruffle
Details,side stripe
Details,fake buttons
Details,ruffle neck
Details,bow front
Details,bow back
Color,coffee brown
Color,navy blue
Color,dusty pink
Color,baby pink
Color,dusty blue
Color,light grey
Color,mustard yellow
Color,olive green
Color,army green
Color,dark grey
Color,dark green
Color,chocolate brown
Color,mocha brown
Color,royal blue
Color,mint green
Color,burnt orange
Color,lime green
Color,hot pink
Color,rust brown
Color,cadet blue
Color,dusty purple
Color,baby blue
Color,medium wash
Color,dark wash
Color,light wash
Color,coral pink
Color,rose red
Color,teal blue
Color,lilac purple
Color,rusty rose
Color,mint blue
Color,coral orange
Color,violet purple
Color,red violet
Color,mauve purple
Color,watermelon pink
Pattern Type,tie dye
Pattern Type,polka dot
Pattern Type,ditsy floral
Pattern Type,snakeskin print
Pattern Type,zebra stripe
Pattern Type,scarf print
Pattern Type,chain print
Pattern Type,rainbow stripe
Pattern Type,random print
Pattern Type,landscape print
Pattern Type,fish scales
Sleeve Length,long sleeve
Sleeve Length,half sleeve
Sleeve Length,short sleeve
Sleeve Length,cap sleeve
Sleeve Length,extra-long sleeve
Fabric,slight stretch
Fabric,high stretch
Fabric,medium stretch
Closure Type,zipper fly
Closure Type,elastic waist
Closure Type,drawstring waist
Closure Type,button fly
Waist Line,high waist
Waist Line,drop waist
Coating,100% polyurethane
Sleeve Type,drop shoulder
Sleeve Type,regular sleeve
Sleeve Type,bishop sleeve
Sleeve Type,butterfly sleeve
Sleeve Type,puff sleeve
Sleeve Type,batwing sleeve
Sleeve Type,raglan sleeve
Sleeve Type,flounce sleeve
Sleeve Type,leg-of-mutton sleeve
Sleeve Type,split sleeve
Sleeve Type,layered sleeve
Sleeve Type,cloak sleeve
Sleeve Type,petal sleeve
Sleeve Type,kimono sleeve
Chest pad,no padding
Features,maximum comfort
Features,100% natural
Bottom Type,sweatpants
Bottom Type,leggings
Bottom Type,pants
Bottom Type,skirt
Bottom Type,shorts
Top Type,sweatshirt
Top Type,jackets
Top Type,tee
Top Type,camisole
Top Type,tunic
Top Type,blouse
Top Type,bandeau
Top Type,regular
Top Type,cape
Top Type,waistcoat
Top Type,blazer
Type,regular
Type,skinny
Type,tapered/carrot
Type,tailored
Type,culottes
Type,bodycon
Type,pleated
Type,straight
Type,slit
Type,layered/tiered
Type,pencil
Type,flared
Type,pinafore
Type,mermaid
Type,asymmetrical
Type,shirt
Type,fitted
Type,cami
Type,tunic
Type,smock
Type,other
Type,overall
Type,unitard
Type,tube
Type,tank
Type,tee
Type,bermuda
Type,wrap
Type,top
Type,peplum
Type,bootcut
Type,baggy
Type,curvy
Type,cape
Type,sweatshirt
Type,cardigan
Type,coat
Type,pullovers
Type,shorts
Type,pants
Type,skirt
Type,poncho
Type,teddy
Type,overcoat
Type,vest
Type,bomber
Type,biker
Type,windbreaker
Type,puffer
Type,parka
Type,quilted
Type,dress
Type,halter
Type,stirrup
Type,harem/genie
Type,jogger
Type,jegging
Type,kaftan
Type,sheath
Neckline,hooded
Neckline,collar
Neckline,straps
Neckline,strapless
Neckline,lapel
Neckline,halter
Neckline,sweetheart
Neckline,polo
Neckline,notched
Neckline,waterfall
Material,polyester
Material,chiffon
Material,mesh
Material,nylon
Material,crochet
Material,metallic
Material,viscose
Material,lace
Material,cotton
Material,rayon
Material,velvet
Material,glitter
Material,sequins
Material,corduroy
Material,flannel
Material,tweed
Material,satin
Material,suede
Material,shearling
Material,polyamide
Material,schiffy
Material,denim
Material,silk
Material,fleece
Material,acrylic
Material,acetate
Material,elastane
Material,modal
Material,spandex
Material,lycra
Material,mohair
Material,linen
Material,woolen
Material,organza
Material,tencel
Material,lyocell
Material,ramie
Material,cupro
Material,cuprammonium
Material,organic cotton
Material,cashmere
Material,wool
Length,crop
Length,regular
Length,long
Length,cropped
Length,short
Length,capris
Length,mini
Length,midi
Length,maxi
Hem Shaped,asymmetrical
Hem Shaped,slit
Hem Shaped,pencil
Hem Shaped,straight
Hem Shaped,pleated
Hem Shaped,flared
Hem Shaped,flounce
Hem Shaped,mermaid
Hem Shaped,layered/tiered
Hem Shaped,wrap
Fit Type,skinny
Fit Type,loose
Fit Type,oversized
Placket,zipper
Placket Type,placket
Placket Type,pullovers
Pockets,no
Pockets,yes
Details,knot
Details,sheer
Details,belted
Details,embroidery
Details,fringe
Details,asymmetrical
Details,drawstring
Details,ruffle
Details,scallop
Details,split
Details,pocket
Details,rib-knit
Details,ripped
Details,ruched
Details,rhinestone
Details,zipper
Details,button
Details,chain
Details,tape
Details,wrap
Details,ring
Details,patched
Details,shirred
Details,frill
Details,pleated
Details,plicated
Details,twist
Details,backless
Details,pearls
Details,tassel
Details,washed
Details,flakes
Details,beaded
Details,studded
Details,bow
Details,draped
Details,appliques
Details,corset
Details,padded
Details,ribbon
Details,feather
Details,popover
Details,braid
Color,white
Color,black
Color,multicolor
Color,gold
Color,beige
Color,redwood
Color,green
Color,apricot
Color,pink
Color,khaki
Color,grey
Color,champagne
Color,brown
Color,burgundy
Color,camel
Color,red
Color,blue
Color,yellow
Color,orange
Color,purple
Color,silver
Color,bronze
Color,maroon
Color,ginger
Style,casual
Style,boho
Style,elegant
Style,basics
Style,sporty
Style,sexy
Style,glamorous
Style,preppy
Style,romantic
Style,cute
Style,modest
Style,vacation
Style,vintage
Style,dressy
Style,street
Style,party
Pattern Type,plain
Pattern Type,plants
Pattern Type,floral
Pattern Type,leopard
Pattern Type,graphic
Pattern Type,tribal
Pattern Type,animal
Pattern Type,geometric
Pattern Type,paisley
Pattern Type,tropical
Pattern Type,striped
Pattern Type,figure
Pattern Type,marble
Pattern Type,plaid
Pattern Type,houndstooth
Pattern Type,letter
Pattern Type,slogan
Pattern Type,camo
Pattern Type,butterfly
Pattern Type,colorblock
Pattern Type,crocodile
Pattern Type,halloween
Pattern Type,tartan
Pattern Type,gingham
Pattern Type,patchwork
Pattern Type,cartoon
Pattern Type,fire
Pattern Type,galaxy
Pattern Type,heart
Pattern Type,fruit&vegetable
Pattern Type,christmas
Pattern Type,chevron
Pattern Type,ombre
Pattern Type,baroque
Pattern Type,car
Pattern Type,flag
Pattern Type,dinosaur
Pattern Type,map
Pattern Type,flamingo
Sleeve Length,sleeveless
Fabric,non-stretch
Sheer,yes
Sheer,semi-sheer
Sheer,no
Season,spring/summer
Season,summer
Season,spring
Season,spring/fall
Season,all
Season,spring/summer/fall
Season,fall/winter
Season,winter
Season,fall
Body,unlined
Body,lined
Body,no
Body,yes
Belt,no
Belt,yes
Warm Lined,no
Warm Lined,yes
Arabian Clothing,yes
Waist Line,natural
Waterproof,no
Waterproof,yes
Chest pad,yes
Features,warm
Features,soft
Features,breathable
Features,lightweight
Features,long-lasting
Features,skin-friendly
Features,thermo-regulating
Features,antibacterial
